incident_id,created_at_iso,mode,route_id,route_short_name,stops_impacted,summary_en,plain_en,zh,ar,source,source_url
849851,2025-08-23T08:51:56+10:00,rail,VLBR-4394;VLBD-4391;VLDB-4391;VLBR-4389;BRVL-4391;BRVL-4399;BDVL-4349;BNVL-4335;BRVL-4390;VLBR-4399;BNVL-4394;BDVL-4352;BDVL-4395;VLBN-4388;BRVL-4392;VLBD-4353;BDVL-4394;BDVL-4399;BDVL-4350;VLBR-4391;VLBD-4352;VLDB-4390;VLBN-4337;VLBD-4349;VLDB-4392;VLBD-4389;BDVL-4390;VLBD-4392;VLVL-4388;R604-2410;VLBN-4387;BNVL-4337;BRVL-4394;VLBN-4335;BNVL-4387;BDVL-4348;VLVL-4387;BRVL-4389;VLBD-4350;VLBR-4390;VLBD-4390;VLDB-4389;BRVL-4349;BDVL-4389;VLBD-4399;VLBD-4394;BRVL-4352;BRVL-4348;R585-3039;VLBR-4350;VLDB-4348;BNVL-4388;BDVL-4392;BDVL-4353;BRVL-4350;VLBR-4392;VLDB-4394;VLDB-4349;VLBR-4395;BDVL-4391;BRVL-4353;BRVL-4395;VLBD-4348;VLBR-4348;VLBR-4353;VLBD-4395;VLDB-4399;VLBR-4349;R583-3039;VLDB-4350;VLBR-4352,BDVL,,10:40pm Varsity Lakes to Central train delayed up to 15 minutes due to security incident.,The 10:40pm train from Varsity Lakes to Central is delayed by up to 15 minutes because of a security incident.,由于安全事件，10:40从 到的列车延误最多15分钟。,قطار 10:40 مساءً من فاريستي ليكس إلى سنترال متأخر حتى 15 دقيقة بسبب حادث أمني.,gtfs-rt,https://gtfsrt.api.translink.com.au/api/realtime/SEQ/Alerts
807641,2025-08-23T08:51:56+10:00,rail,SHCL-4399;CLSH-4399;CLSH-4389;BNSH-4394;SHCL-4391;SHCL-4348;SHBR-4389;BRSH-4390;CLSH-4390;CLSH-4392;BRSH-4394;BRSH-4349;CLSH-4387;R603-3039;SHBR-4348;SHBR-4391;SHSH-4395;SHCL-4394;SHBR-4352;CLSH-4394;BRSH-4353;SHBR-4395;SHBR-4399;CLSH-4349;CLSH-4348;BRSH-4395;CLSH-4350;BRSH-4337;R604-2410;SHBR-4335;SHCL-4352;SHCL-4395;SHCL-4388;SHBR-4388;BRSH-4399;CLSH-4391;SHCL-4349;CLSH-4352;SHBR-4394;BRSH-4389;SHCL-4353;R348-4282;BRSH-4391;BRSH-4387;SHBR-4337;SHCL-4389;BRSH-4350;SHCL-4392;CLSH-4395;SHBR-4353;CLSH-4353;R585-3039;SHBR-4350;SHBR-4392;BNDB-4394;R347-4156;SHCL-4387;BRSH-4348;CLSH-4388;SHBR-4390;SHCL-4350;BRSH-4392;BRSH-4335;SHCL-4390;BRSH-4352;SHBR-4349;SHCA-4395;R348-4156;BRSH-4388;SHBR-4387,BNDB,,Shorncliffe line closed from 1 to 4 September. Normal service resumes on 5 September.,Shorncliffe line is closed from 1 to 4 September. Service will start again on 5 September.,肖恩克利夫线从9月1日到4日关闭。服务将在9月5日恢复。,خط شورنكليف مغلق من 1 إلى 4 سبتمبر. ستستأنف الخدمة في 5 سبتمبر.,gtfs-rt,https://gtfsrt.api.translink.com.au/api/realtime/SEQ/Alerts
836086,2025-08-23T08:51:56+10:00,rail,IPCA-4348;FGBR-4348;BRCA-4390;CLSH-4387;BRBR-4349;SPRP-4388;BDVL-4394;FGBR-4353;CLSH-4348;BRSH-4399;R609-4398;FGBR-4390;CABR-4399;BRSH-4387;FGBR-4349;VLBD-4399;GYBR-4387;RPBR-4392;IPNA-4392;DBCA-4337;BRRP-4394;SPRP-4390;RPBR-4349;CAIP-4394;CAIP-4387;SPRP-4394;SPCA-4350;BRFG-4353;BNFG-4389;BRSH-4392;SPCA-4388;BRCA-4391;NABR-4337;FGBR-4399;SPCA-4390;NABR-4390;SPCA-4391;CARW-4349;BRSH-4390;CLSH-4392;RWRP-4350;BRRP-4395;BRGY-4394;SPNA-4389;SPNA-4395;BRBD-4390;BRBR-4391;GYBR-4349;SPCA-4353;GYBR-4395;BDBN-4387;BDBR-4337;SPNA-4349;SPNA-4388;CLSH-4353;RPSP-4352;BRFG-4389;NABR-4349;SHCA-4395;BDBN-4388;RWCA-4392;GYBR-4335;NAIP-4389;BRSH-4394;BDBR-4391;BNFG-4349;RPSP-4390;CABR-4392;RWNA-4389;CAIP-4348;NASP-4349;SHCL-4395;BRGY-4349;SHCL-4353;R348-4282;IPRP-4350;CABR-4391;CASP-4349;SHCL-4387;RPSP-4394;CAIP-4395;IPNA-4348;IPCA-4399;IPCA-4390;NAIP-4394;FGBR-4388;SPRP-4352;SHCL-4399;RPBR-4395;CAIP-4349;IPRP-4389;FGBR-4335;BDVL-4349;IPRP-4391;BDVL-4350;VLBD-4352;CABR-4390;SPRP-4349;SPNA-4390;RPBR-4335;SHBR-4388;CASP-4395;SHCL-4392;RPBR-4399;SHBR-4353;R585-3039;SHBR-4350;SHCL-4350;BNRP-4394;RWCA-4391;SHBR-4387;CLSH-4390;NABR-4394;CARW-4348;BRRP-4352;RPBR-4387;FGBN-4353;RWRP-4349;BNBD-4387;RPBR-4353;GYBR-4350;BRBR-4390;BRRP-4353;IPNA-4352;VLBD-4394;BRBD-4337;BDVL-4353;BRCA-4350;BRCA-4335;BRFG-4388;SPRP-4399;BRCA-4395;BRRP-4388;BDBR-4349;BRBR-4395;CARW-4350;BNNA-4394;SPRP-4395;BRRP-4335;CAIP-4350;SPNA-4391;IPCA-4394;GYBR-4337;BNFG-4390;CABR-4349;RPIP-4391;NAIP-4349;SHBR-4399;CLSH-4350;BRSH-4337;CASP-4390;SHCL-4352;FGBN-4350;SHCL-4349;NAIP-4395;BRGY-4388;NABR-4392;RWNA-4348;BDBR-4350;BNFG-4399;BRCA-4349;RWCA-4349;BRGY-4392;SPRP-4392;R595-3039;NASP-4391;SPRP-4387;BRGY-4387;DBCA-4335;CLSH-4389;BRNA-4392;BRBD-4353;BRGY-4390;SHCL-4391;SPNA-4350;SPNA-4353;RPSP-4350;RPSP-4387;BDVL-4352;BNFG-4388;IPCA-4388;NABR-4335;BRGY-4352;CAIP-4399;IPCA-4389;SPRP-4350;BDBR-4399;BRSH-4389;BRCA-4394;SHCL-4389;BDVL-4389;BNFG-4348;SHBR-4392;FGBR-4394;R347-4156;BRBD-4392;IPRP-4349;IPRP-4392;BRCA-4392;SPRP-4348;BRCA-4348;BRGY-4353;CABR-4348;BRFG-4335;FGBN-4349;CASP-4353;NABR-4391;CABR-4350;BRSH-4395;CARW-4390;FGBR-4352;CLSH-4391;BDVL-4348;BRSH-4391;FGBR-4337;NAIP-4388;BRGY-4395;FGBN-4394;GYBR-4391;BNDB-4394;BRGY-4348;NABR-4348;CAIP-4352;RPIP-4349;GYBR-4390;BRNA-4391;RPIP-4399;IPCA-4353;NAIP-4353;SHCL-4394;BRCA-4389;BDVL-4399;RWRP-4391;RPSP-4395;BRBD-4389;BRCA-4353;BDVL-4390;BRRP-4387;BDBR-4392;R604-2410;RWNA-4349;BRBD-4348;SHBR-4394;FGBR-4350;BRFG-4390;RWRP-4399;RPBR-4391;BRCA-4337;GYBR-4394;IPCA-4349;IPNA-4390;NAIP-4352;RWNA-4390;BNFG-4395;BRCA-4387;BRSH-4335;RPSP-4353;IPNA-4387;BRNA-4390;BNSH-4394;IPCA-4387;BRBD-4388;BRBD-4394;FGBN-4388;RPBR-4389;RPSP-4389;RWCA-4390;VLBD-4353;NASH-4395;VLBD-4349;RPSP-4391;BRFG-4391;RWRP-4389;BRFG-4350;SPRP-4391;CASP-4391;BRFG-4337;RWCA-4350;BRBD-4349;BRSH-4350;BRBD-4395;RWCA-4399;BRRP-4392;BRGY-4389;IPNA-4391;VLBD-4348;CARW-4389;VLBD-4395;R348-4156;SPCA-4395;BRBD-4391;SHCL-4348;FGBN-4392;BRRP-4399;SHBR-4348;BRGY-4335;SPNA-4348;BDVL-4395;CABR-4394;FGBN-4387;BRBD-4387;IPNA-4349;SHBR-4335;CASP-4389;BNFG-4392;BDBR-4335;SPRP-4353;FGBR-4395;NASP-4348;CLSH-4352;IPCA-4352;NABR-4350;BRRP-4348;SPCA-4399;BRFG-4352;BRNA-4349;VLBD-4350;CLSH-4395;CARW-4391;IPCA-4391;NAIP-4392;NAIP-4387;BNFG-4394;BNFG-4391;FGBN-4352;BRCA-4352;NABR-4389;BRNA-4389;BRFG-4387;GYBR-4348;NASP-4392;RPSP-4349;BRGY-4337;CLSH-4399;FGBN-4391;BRGY-4350;BRSH-4349;BRFG-4394;FGBN-4395;BRSH-4353;BRBR-4350;GYBR-4353;SPCA-4389;BRGY-4391;BNFG-4353;BRNA-4348;RPBR-4350;RPBR-4390;BNFG-4352;CADB-4337;NASP-4389;FGBR-4387;BRCA-4388;RWRP-4392;SHBR-4390;IPRP-4390;BRSH-4352;IPNA-4394;SHBR-4349;IPNA-4388;RPIP-4348;SHBR-4391;IPRP-4348;RWNA-4391;IPNA-4395;BNFG-4387;BRFG-4392;BRRP-4350;CASP-4348;FGBN-4348;GYBR-4392;RPBR-4388;RPIP-4350;RPBR-4348;CAIP-4389;NAGY-4399;RPIP-4392;BRSH-4388;RPBR-4337;BRNA-4350;BDBR-4390;CARW-4399;NAIP-4390;RPSP-4392;SHSH-4395;RPSP-4388;CAIP-4390;RPSP-4399;VLBD-4389;BRBD-4350;BRFG-4399;BRNA-4337;CAIP-4388;GYBR-4389;RWCA-4389;BNCA-4394;SHCL-4388;BRFG-4349;BRCA-4399;SHBR-4337;BDBR-4348;FGBR-4392;VLBD-4390;IPCA-4350;CAIP-4392;BRBD-4335;SPNA-4392;BRBR-4399;BRRP-4389;BRSH-4348;NASP-4350;CLSH-4388;BDVL-4391;RPBR-4394;RPSP-4348;NAIP-4348;VLBD-4391;RWRP-4348;CAIP-4391;SHBR-4389;R616-4398;CASP-4399;CASP-4350;NANA-4399;SPRP-4389;CASP-4388;FGBN-4389;RPBR-4352;IPNA-4389;BRNA-4335;IPNA-4350;NASP-4390;R395-2410;GYBR-4352;BRBR-4392;BRRP-4391;BRBD-4352;FGBN-4399;RWNA-4350;RWRP-4390;CARW-4392;CABR-4335;RPIP-4389;SHCL-4390;BRFG-4395;BRBR-4348;BRRP-4349;NAIP-4350;R603-3039;BDBR-4389;BRBD-4399;SPCA-4349;SHBR-4352;CLSH-4394;BRBR-4389;BRRP-4390;SHBR-4395;NAIP-4391;IPRP-4399;CLSH-4349;IPCA-4392;VLBD-4392;RWNA-4392;SPCA-4348;BRFG-4348;FGBR-4391;SHRP-4395;SPCA-4392;CASP-4392;BNBD-4388;CABR-4389;FGBN-4390;IPCA-4395;RWCA-4348;BRRP-4337;BDVL-4392;RPIP-4390;FGBR-4389;CADB-4335;CABR-4337;RPSH-4395;BNFG-4350;IPNA-4353;CAIP-4353;GYBR-4388,BDBR,,"Late night track closure on CBD, Inner North and Ferny Grove lines from 9:15pm to last service on 10 September.","Tracks on CBD, Inner North and Ferny Grove lines will close from 9:15pm to the last service on 10 September.",、内北线和费尔尼格罗夫线的轨道将在9月10日晚上9:15至最后一班服务期间关闭。,سيتم إغلاق مسارات خطوط  والداخلية الشمالية وفيرني غروف من الساعة 9:15 مساءً حتى آخر خدمة في 10 سبتمبر.,gtfs-rt,https://gtfsrt.api.translink.com.au/api/realtime/SEQ/Alerts
679371,2025-08-23T08:51:56+10:00,bus,539-2643;539-4097,539,,Route 539 has a temporary timetable from Gatton to Helidon due to roadworks until late 2025.,"From 17 February 2024, route 539 will have a temporary timetable between Gatton and Helidon until late 2025 because of roadworks.",539路从2024年2月17日起因道路施工，至2025年底在和之间实施临时时间表。,ابتداءً من 17 فبراير 2024، سيكون هناك جدول زمني مؤقت للخط 539 بين جاتون وهليدون حتى أواخر 2025 بسبب أعمال الطرق.,gtfs-rt,https://gtfsrt.api.translink.com.au/api/realtime/SEQ/Alerts
614666,2025-08-23T08:51:56+10:00,bus,19-4158,19,,Salisbury station closed on 9 December for Cross River Rail upgrade works.,Salisbury station will be closed on 9 December for important upgrade works.,萨尔兹伯里车站将在12月9日关闭，进行重要的升级工程。,محطة سالزبوري مغلقة في 9 ديسمبر لأعمال الترقية المهمة.,gtfs-rt,https://gtfsrt.api.translink.com.au/api/realtime/SEQ/Alerts
500656,2025-08-23T08:51:56+10:00,rail,SHCL-4399;CLSH-4399;CLSH-4389;BNSH-4394;SHCL-4391;SHCL-4348;SHBR-4389;BRSH-4390;CLSH-4390;CLSH-4392;BRSH-4394;BRSH-4349;CLSH-4387;R603-3039;SHBR-4348;SHBR-4391;SHSH-4395;SHCL-4394;SHBR-4352;CLSH-4394;BRSH-4353;SHBR-4395;SHBR-4399;CLSH-4349;CLSH-4348;BRSH-4395;CLSH-4350;BRSH-4337;R604-2410;SHBR-4335;SHCL-4352;SHCL-4395;SHCL-4388;SHBR-4388;BRSH-4399;CLSH-4391;SHCL-4349;CLSH-4352;SHBR-4394;BRSH-4389;SHCL-4353;R348-4282;BRSH-4391;BRSH-4387;SHBR-4337;SHCL-4389;BRSH-4350;SHCL-4392;CLSH-4395;SHBR-4353;CLSH-4353;R585-3039;SHBR-4350;SHBR-4392;BNDB-4394;R347-4156;SHCL-4387;BRSH-4348;CLSH-4388;SHBR-4390;SHCL-4350;BRSH-4392;BRSH-4335;SHCL-4390;BRSH-4352;SHBR-4349;SHCA-4395;R348-4156;BRSH-4388;SHBR-4387,BNDB,,"Shorncliffe line evening services disrupted for testing from 7:45pm to last service, Monday to Thursday, throughout 2025 and 2026.","From 2025 to 2026, Shorncliffe line trains will not run between Northgate and Shorncliffe from 7:45pm on weekdays for testing.",在2025年至2026年期间，周一至周四晚上7:45到最后一班车，线在和之间不运行。,من 2025 إلى 2026، لن تعمل القطارات بين  و من الساعة 7:45 مساءً حتى آخر خدمة في أيام الأسبوع من الاثنين إلى الخميس.,gtfs-rt,https://gtfsrt.api.translink.com.au/api/realtime/SEQ/Alerts
793271,2025-08-23T08:51:56+10:00,bus,172-4158,172,,"Beatrice, Juliette and Pear Street stops in Greenslopes will close permanently from 30 June. Use alternative stops for route 172.","Beatrice, Juliette and Pear Street stops will close permanently from 30 June. Use other stops for route 172.",从6月30日起，、和街的公交站将永久关闭。请使用172路的其他站。,ستغلق محطات  و  و  في  بشكل دائم اعتبارًا من 30 يونيو. استخدم محطات بديلة للخط 172.,gtfs-rt,https://gtfsrt.api.translink.com.au/api/realtime/SEQ/Alerts
801756,2025-08-23T08:51:56+10:00,,,,301712;301714,David Low Way stops closed from 14 July to mid-October due to upgrades. Use alternative stop for route 5839.,"From 14 July to mid-October, some stops on David Low Way will be closed. Use the alternative stop for route 5839.",从7月14日到10月中旬，  上的一些站点将关闭。请使用5839路的替代站。,من 14 يوليو إلى منتصف أكتوبر، ستغلق بعض المحطات على طريق ديفيد لو. يرجى استخدام المحطة البديلة للخط 5839.,gtfs-rt,https://gtfsrt.api.translink.com.au/api/realtime/SEQ/Alerts
836181,2025-08-23T08:51:56+10:00,rail,FGBR-4335;FGBN-4391;FGBN-4392;FGBR-4348;FGBN-4388;BRFG-4394;BNFG-4349;BNFG-4388;FGBN-4395;BRFG-4335;FGBN-4349;FGBN-4387;BNFG-4390;FGBN-4389;BRFG-4391;FGBR-4353;BRFG-4350;BRFG-4399;R604-2410;BNFG-4353;FGBN-4353;BNFG-4392;FGBR-4352;FGBN-4350;BRFG-4349;BNFG-4387;FGBR-4395;BRFG-4337;BRFG-4392;FGBR-4390;BRFG-4348;BRFG-4352;BNFG-4352;FGBN-4348;FGBR-4391;FGBR-4337;FGBR-4392;R395-2410;FGBR-4349;FGBR-4350;BNFG-4348;FGBN-4390;FGBN-4399;BNFG-4399;R585-3039;BRFG-4390;BNFG-4394;FGBN-4394;FGBR-4394;BNFG-4391;FGBR-4387;FGBN-4352;FGBR-4389;BRFG-4353;BNFG-4350;BNFG-4389;BRFG-4388;BRFG-4389;BNFG-4395;FGBR-4388;BRFG-4395;FGBR-4399;BRFG-4387,BNFG,,Track closure on Inner City and Ferny Grove lines from 13 to 14 September. Normal service resumes on 15 September.,Tracks on Inner City and Ferny Grove lines will be closed from the first service on Saturday 13 September to the last service on Sunday 14 September. Normal service starts again on Monday 15 September.,内城线和费尔尼格罗夫线将在9月13日星期六至9月14日星期日关闭。正常服务将于9月15日星期一恢复。,سيتم إغلاق خطوط المدينة الداخلية وفيرني غروف من أول خدمة يوم السبت 13 سبتمبر حتى آخر خدمة يوم الأحد 14 سبتمبر. ستستأنف الخدمة الطبيعية يوم الاثنين 15 سبتمبر.,gtfs-rt,https://gtfsrt.api.translink.com.au/api/realtime/SEQ/Alerts
818486,2025-08-23T08:51:56+10:00,rail,VLBR-4394;BRBN-4350;VLDB-4391;BNVL-4335;BNVL-4394;BDVL-4394;BDVL-4399;DBBN-4392;BRBN-4395;BDVL-4390;R604-2410;FGBN-4353;BNBD-4387;BNFG-4387;BNBR-4395;BRVL-4389;FGBN-4348;VLBD-4399;VLBD-4394;VLBR-4350;BRBN-4387;BDVL-4353;VLBR-4392;BNBR-4388;BNFG-4389;VLBR-4348;BNFG-4395;DBBN-4350;VLBR-4349;VLBR-4352;BRBN-4352;BRBN-4394;BNNA-4394;BNSH-4394;VLBR-4389;BRVL-4399;FGBN-4388;BNBR-4387;VLBR-4391;BRBN-4389;VLBD-4353;BNFG-4390;BRBN-4392;VLBD-4349;VLBN-4337;VLBD-4389;VLVL-4388;BNVL-4337;BRVL-4394;BNCA-4394;BDBN-4387;FGBN-4350;BNVL-4387;VLBR-4390;VLBD-4390;BRBN-4353;BRVL-4348;DBBN-4391;BNFG-4399;BNBR-4390;BRVL-4350;BRBN-4391;DBBN-4390;BDVL-4391;BRVL-4353;VLBD-4348;VLBR-4353;VLBD-4395;VLDB-4399;BRBN-4349;BRBN-4390;BNBR-4399;R591-3039;BDBN-4388;VLBD-4391;BNBR-4394;BRVL-4391;FGBN-4392;VLBR-4399;BRBN-4399;BDVL-4352;BDVL-4395;BNFG-4349;BNFG-4388;BRVL-4392;VLBN-4388;FGBN-4387;FGBN-4389;BNBR-4352;BRBN-4388;BNFG-4392;BNBR-4350;DBBN-4349;VLBD-4350;BDVL-4389;BNBR-4391;BNFG-4348;BRVL-4352;DBBN-4348;FGBN-4399;BNFG-4394;BNVL-4388;BNFG-4391;BNBN-4388;DBBN-4389;FGBN-4352;VLDB-4394;BRVL-4395;BNBN-4387;R583-3039;BNBN-4394;BNBR-4392;VLDB-4350;BNBN-4337;BRBN-4348;FGBN-4391;BDVL-4349;BRVL-4390;FGBN-4395;VLDB-4390;BDVL-4350;FGBN-4349;VLBD-4352;VLDB-4392;BNBR-4349;VLBD-4392;VLBN-4387;BNFG-4353;VLBN-4335;BDVL-4348;VLVL-4387;BNFG-4352;VLDB-4389;BNBR-4348;BRVL-4349;DBBN-4399;BNBD-4388;FGBN-4390;R585-3039;VLDB-4348;FGBN-4394;BDVL-4392;BNDB-4394;VLDB-4349;BNBR-4389;BNFG-4350;BNBR-4353;BNBN-4335;VLBR-4395;DBBN-4394,BDVL,,Track closure on Beenleigh and Gold Coast lines from 30 to 31 August. Normal service resumes on 1 September.,The Beenleigh and Gold Coast lines will be closed from the first service on 30 August to the last service on 31 August. Services will start again on 1 September.,从8月30日的首班车到8月31日的末班车，和 线路将关闭。服务将于9月1日恢复。,سيتم إغلاق خطوط  و   من أول خدمة في 30 أغسطس حتى آخر خدمة في 31 أغسطس. ستستأنف الخدمة في 1 سبتمبر.,gtfs-rt,https://gtfsrt.api.translink.com.au/api/realtime/SEQ/Alerts
802446,2025-08-23T08:51:56+10:00,rail,CLBR-4349;CLDB-4349;VLBR-4394;IPCA-4348;SPIP-4337;R599-3039;CLSH-4387;BNVL-4394;SPRP-4388;BDVL-4394;CLSH-4348;BRIP-4395;RWIP-4388;VLBD-4399;SPBR-4350;BRBN-4387;IPNA-4392;DBCL-4399;SPRP-4390;CAIP-4394;CAIP-4387;SPRP-4394;SPCA-4350;BRRW-4391;BNFG-4389;VLBR-4348;DBBN-4350;SPCA-4388;BRCL-4394;BRBN-4352;BRBN-4394;SPCA-4390;SPCA-4391;CARW-4349;R581-3039;BRVL-4399;CLSH-4392;RWRP-4350;VLBR-4391;SPNA-4389;SPNA-4395;CLCL-4389;IPRW-4395;RWBR-4399;SPCA-4353;BDBN-4387;IPBR-4388;BNVL-4387;CLBR-4348;BRCL-4353;SPNA-4349;SPNA-4388;CLSH-4353;SPBR-4399;RWBR-4391;RWIP-4392;RPSP-4352;RWIP-4335;CLBR-4399;BDBN-4388;RWCA-4392;BNBR-4394;NAIP-4389;IPBR-4389;BNFG-4349;RPSP-4390;BRRW-4350;BRSP-4388;IPRW-4335;RWBR-4392;BNBR-4352;IPRW-4390;BRRW-4390;RWNA-4389;CAIP-4348;NASP-4349;SHCL-4395;RWIP-4389;SHCL-4353;R348-4282;IPRP-4350;CASP-4349;SHCL-4387;BNBN-4388;RPSP-4394;VLDB-4394;CAIP-4395;IPNA-4348;RWIP-4353;IPCA-4399;IPCA-4390;NAIP-4394;BRCL-4350;SPRP-4352;BRIP-4352;SHCL-4399;CAIP-4349;IPRP-4389;CLDB-4399;BDVL-4349;IPRP-4391;CLBR-4387;BDVL-4350;VLBD-4352;SPRP-4349;VLBN-4335;SPNA-4390;RWBR-4348;IPRW-4350;CASP-4395;DBCL-4350;SHCL-4392;BRVL-4349;R585-3039;SHCL-4350;CLCL-4335;BNBR-4353;RWCA-4391;SPIP-4335;BRBN-4350;CLSH-4390;CARW-4348;BNVL-4335;BRSP-4392;BRBN-4395;FGBN-4353;RWRP-4349;BNBD-4387;BRIP-4350;BNBR-4395;IPRW-4352;IPNA-4352;VLBD-4394;BDVL-4353;BNBR-4388;SPRP-4399;BRRW-4394;R592-3039;CARW-4350;BNNA-4394;SPRP-4395;CAIP-4350;SPNA-4391;IPCA-4394;BRBN-4389;BNFG-4390;VLBN-4337;RPIP-4391;BRIP-4388;NAIP-4349;VLVL-4388;CLSH-4350;CASP-4390;SHCL-4352;BRVL-4394;FGBN-4350;SHCL-4349;NAIP-4395;RWNA-4348;BRBN-4353;BRVL-4348;CLDB-4391;BNFG-4399;DBBN-4391;BRRW-4348;BRVL-4350;BRBN-4391;RWCA-4349;RWIP-4390;BRVL-4353;BRIP-4387;SPRP-4392;R595-3039;NASP-4391;IPRW-4392;BRBN-4390;SPRP-4387;R591-3039;BRIP-4394;RWIP-4348;CLSH-4389;SHCL-4391;SPNA-4350;SPNA-4353;RPSP-4350;RPSP-4387;BDVL-4352;BNFG-4388;CLBR-4389;IPCA-4388;CAIP-4399;IPCA-4389;SPRP-4350;SHCL-4389;RWIP-4394;BDVL-4389;BNBR-4391;CLCL-4390;BNFG-4348;DBBN-4348;BNVL-4388;RWBR-4349;CLDB-4394;IPRP-4349;IPRP-4392;BRIP-4399;SPRP-4348;BNBN-4394;VLDB-4350;BRCL-4348;DBCL-4391;BNBN-4337;BRBN-4348;SPBR-4392;FGBN-4349;CASP-4353;BRCL-4388;CARW-4390;CLSH-4391;BDVL-4348;IPSP-4335;NAIP-4388;IPBR-4391;FGBN-4394;BNDB-4394;IPRW-4349;IPIP-4335;DBCL-4390;BRCL-4391;CAIP-4352;RPIP-4349;SPBR-4395;IPRW-4399;IPSP-4337;RPIP-4399;IPCA-4353;RWIP-4349;NAIP-4353;SHCL-4394;BDVL-4399;RWRP-4391;RPSP-4395;RWBR-4350;BDVL-4390;IPRW-4353;R604-2410;RWNA-4349;IPBR-4399;CLBR-4388;BRIP-4349;IPBR-4349;VLBR-4350;IPRW-4391;RWRP-4399;NAIP-4352;IPCA-4349;IPNA-4390;RWIP-4352;RWNA-4390;R594-3039;BNFG-4395;BRCL-4349;RPSP-4353;VLBR-4349;IPNA-4387;BNSH-4394;BRRW-4392;IPCA-4387;VLBR-4389;BRSP-4350;FGBN-4388;BNBR-4387;RPSP-4389;RWCA-4390;VLBD-4353;IPRW-4388;CLBR-4392;VLBD-4349;RPSP-4391;SPBR-4349;RWRP-4389;SPRP-4391;IPBR-4392;RWIP-4350;CASP-4391;CLBR-4350;BRIP-4389;RWCA-4350;VLBR-4390;RWCA-4399;CLBR-4390;BNBR-4390;IPNA-4391;VLBD-4348;VLBR-4353;CARW-4389;VLBD-4395;BRCL-4392;R348-4156;CLDB-4390;SPCA-4395;BRSP-4348;SHCL-4348;BRVL-4391;FGBN-4392;SPNA-4348;VLBR-4399;BDVL-4395;BRVL-4392;RWIP-4337;CLBR-4394;CLBR-4395;FGBN-4387;RWBR-4390;IPBR-4390;CLDB-4348;IPNA-4349;CASP-4389;BNFG-4392;SPBR-4348;SPRP-4353;NASP-4348;BRSP-4353;BNBR-4350;CLSH-4352;IPCA-4352;SPCA-4399;VLBD-4350;CLSH-4395;CARW-4391;BRVL-4352;IPCA-4391;NAIP-4392;SPBR-4390;NAIP-4387;BNFG-4394;CLDB-4350;BNFG-4391;FGBN-4352;BRVL-4395;CLCL-4337;BRSP-4391;IPBR-4353;RPSP-4349;NASP-4392;CLDB-4392;CLSH-4399;CLBR-4353;FGBN-4391;BRSP-4389;BRIP-4391;DBCL-4348;FGBN-4395;BNBR-4349;SPCA-4389;BNFG-4353;IPBR-4348;VLVL-4387;BRRW-4399;BRSP-4349;BNFG-4352;VLDB-4389;DBBN-4399;NASP-4389;IPIP-4337;BNBR-4389;RWRP-4392;BRSP-4390;IPRP-4390;IPNA-4394;BNBN-4335;IPNA-4388;BRRW-4349;BRCL-4395;DBBN-4394;IPRW-4389;VLDB-4391;IPBR-4352;RWIP-4391;RPIP-4348;IPRP-4348;DBBN-4392;RWNA-4391;IPNA-4395;BNFG-4387;DBCL-4349;BRVL-4389;CASP-4348;FGBN-4348;RPIP-4350;VLBR-4392;CAIP-4389;CLBR-4391;RPIP-4392;VLBR-4352;SPBR-4389;CARW-4399;NAIP-4390;RPSP-4392;BRCL-4352;CAIP-4390;IPRW-4337;RPSP-4388;BRBN-4392;RPSP-4399;IPBR-4387;VLBD-4389;BRCL-4399;IPRW-4394;BRSP-4394;SPBR-4394;CAIP-4388;RWCA-4389;BNVL-4337;BNCA-4394;SHCL-4388;CLBR-4352;VLBD-4390;IPCA-4350;CAIP-4392;SPNA-4392;DBBN-4390;NASP-4350;CLSH-4388;BDVL-4391;IPBR-4394;VLDB-4399;BRBN-4349;BRCL-4389;BRSP-4395;RPSP-4348;BNBR-4399;NAIP-4348;VLBD-4391;CLDB-4389;RWRP-4348;CAIP-4391;CASP-4399;CASP-4350;SPRP-4389;BRBN-4399;VLBN-4388;CASP-4388;RWBR-4389;FGBN-4389;IPBR-4350;DBCL-4389;BRCL-4390;IPNA-4389;BRBN-4388;RWIP-4399;IPNA-4350;DBBN-4349;NASP-4390;FGBN-4399;RWNA-4350;RWRP-4390;DBBN-4389;CARW-4392;RPIP-4389;SHCL-4390;BNBN-4387;BRIP-4390;IPIP-4391;R583-3039;BNBR-4392;BRCL-4387;NAIP-4350;BRVL-4390;SPCA-4349;VLDB-4390;CLSH-4394;VLDB-4392;NAIP-4391;IPRP-4399;RWIP-4395;CLSH-4349;IPCA-4392;VLBD-4392;RWNA-4392;VLBN-4387;IPRW-4348;SPCA-4348;BRIP-4348;R597-3039;BRSP-4399;IPRW-4387;IPBR-4395;BNBR-4348;BRIP-4353;SPCA-4392;CASP-4392;BNBD-4388;DBCL-4392;FGBN-4390;IPCA-4395;RWCA-4348;BRRW-4389;VLDB-4348;BDVL-4392;RPIP-4390;VLDB-4349;BNFG-4350;IPNA-4353;CAIP-4353;SPBR-4391;RWIP-4387;VLBR-4395;BRIP-4392,BDVL,600011;600038;600010;600028;place_romsta;600033;600014;600036;600035;600013;600029;600034;place_forsta;124;600030,Track closure on CBD and Southern lines from 23 to 24 August. Normal service resumes on 25 August.,CBD and Southern lines will be closed from first service on 23 August to last service on 24 August. Normal service starts on 25 August.,和南线将在8月23日首班车至8月24日末班车期间关闭。正常服务将于8月25日恢复。,سيتم إغلاق خطوط  والجنوبية من أول خدمة في 23 أغسطس حتى آخر خدمة في 24 أغسطس. ستستأنف الخدمة العادية في 25 أغسطس.,gtfs-rt,https://gtfsrt.api.translink.com.au/api/realtime/SEQ/Alerts
849261,2025-08-23T08:51:56+10:00,bus,200-4158;203-4158;125-4158;230-4158;172-4158;210-4158;204-4158;212-4158;175-4158;235-4158;113-4158;61-4158;185-4158,61,,Stop closures and route diversions in Woolloongabba from 9:15pm to 11pm on 24 August due to Lions v Hawks game.,"From 9:15pm to 11pm on 24 August, some stops will be closed and routes changed in Woolloongabba because of the Lions v Hawks game.",由于狮子队与鹰队的比赛，8月24日晚上9:15到11点，将关闭一些临时站点并改变路线。,سيتم إغلاق بعض المحطات وتغيير الطرق في وولونغابا من الساعة 9:15 مساءً حتى 11 مساءً في 24 أغسطس بسبب مباراة الأسود ضد الصقور.,gtfs-rt,https://gtfsrt.api.translink.com.au/api/realtime/SEQ/Alerts
711901,2025-08-23T08:51:56+10:00,bus,572-4397;576-4397;573-4397;551-4397;576-4290;N555-4397;577-4397;575-4397;555-4397;572-4290;N555-4290;553-4290;553-4397;561-4397;555-4290,551,310941,The new Rochedale station and park 'n' ride is open. Several bus routes now serve this station.,"Rochedale station and park 'n' ride is open. Bus routes 551, 555, N555, 561, 573, 575, 576, 577, and P581 stop here.",新的车站和停车换乘站已开放。多条公交线路现在在此停靠。,تم افتتاح محطة روشديل الجديدة وموقف السيارات. عدة خطوط حافلات تتوقف هنا الآن.,gtfs-rt,https://gtfsrt.api.translink.com.au/api/realtime/SEQ/Alerts
846666,2025-08-23T08:51:56+10:00,bus,696-4282;694-4282;690-4282,690,,Temporary stop closures and route diversions in Woody Point and Clontarf on 28 September due to the Queensland Tri Series.,"From 5am to 11am on 28 September, many stops will be closed and routes changed in Woody Point and Clontarf for the triathlon. Use alternative stops.",由于昆士兰三项全能系列赛，9月28日早上5点到11点，伍迪角和克朗塔夫将临时关闭多个停靠站并改变路线。,بسبب سلسلة ثلاثيات كوينزلاند، سيتم إغلاق العديد من المحطات وتغيير الطرق في وودي بوينت وكلونتارف في 28 سبتمبر من الساعة 5 صباحًا حتى 11 صباحًا.,gtfs-rt,https://gtfsrt.api.translink.com.au/api/realtime/SEQ/Alerts
836711,2025-08-23T08:51:56+10:00,rail,BRNA-4391;NABR-4394;NAIP-4353;RWRP-4391;RWNA-4391;IPNA-4395;R604-2410;RWNA-4349;RWRP-4349;GYBR-4350;R609-4398;IPNA-4352;GYBR-4392;GYBR-4387;IPNA-4392;RWRP-4399;GYBR-4394;NAIP-4352;IPNA-4390;RWNA-4390;NABR-4337;NAGY-4399;IPNA-4387;NABR-4390;BRNA-4390;BNNA-4394;BRNA-4350;RWRP-4350;SPNA-4391;NAIP-4390;BRGY-4394;GYBR-4337;SPNA-4389;SPNA-4395;NASH-4395;GYBR-4349;NAIP-4349;RWRP-4389;BRNA-4337;GYBR-4389;GYBR-4395;NAIP-4395;BRGY-4388;NABR-4392;SPNA-4349;RWNA-4348;SPNA-4388;BRGY-4389;SPNA-4392;IPNA-4391;BRGY-4392;NASP-4350;NABR-4349;NASP-4391;BRGY-4387;NAIP-4348;RWRP-4348;BRNA-4392;BRGY-4390;GYBR-4335;R616-4398;SPNA-4350;NAIP-4389;SPNA-4353;NANA-4399;SPNA-4348;BRGY-4335;RWNA-4389;IPNA-4389;IPNA-4349;BRGY-4352;NABR-4335;BRNA-4335;NASP-4349;BRGY-4349;NASP-4348;NABR-4350;IPNA-4350;NASP-4390;BRNA-4349;GYBR-4352;NAIP-4392;RWNA-4350;NAIP-4387;RWRP-4390;IPNA-4348;NABR-4389;NAIP-4394;BRNA-4389;GYBR-4348;NASP-4392;BRGY-4337;NAIP-4350;BRGY-4353;BRGY-4350;NAIP-4391;GYBR-4353;NABR-4391;BRGY-4391;RWNA-4392;BRNA-4348;SPNA-4390;NAIP-4388;NASP-4389;R585-3039;BRGY-4395;GYBR-4391;RWRP-4392;IPNA-4353;BRGY-4348;NABR-4348;IPNA-4394;IPNA-4388;GYBR-4390;GYBR-4388,BNNA,,Sunshine Coast line closed from 16 to 17 September. Normal service resumes on 18 September.,The Sunshine Coast line will be closed from the first service on 16 September to the last service on 17 September. Service will resume on 18 September.,阳光海岸线将在9月16日首班车至9月17日末班车期间关闭。服务将于9月18日恢复。,سيتم إغلاق خط الساحل المشمس من أول خدمة في 16 سبتمبر حتى آخر خدمة في 17 سبتمبر. ستستأنف الخدمة في 18 سبتمبر.,gtfs-rt,https://gtfsrt.api.translink.com.au/api/realtime/SEQ/Alerts
836011,2025-08-23T08:51:56+10:00,rail,IPCA-4348;BRCA-4390;CLSH-4387;SPRP-4388;CLSH-4348;BRSH-4399;CABR-4399;BRSH-4387;RPBR-4392;IPNA-4392;DBCA-4337;BRRP-4394;SPRP-4390;RPBR-4349;CAIP-4394;CAIP-4387;SPRP-4394;SPCA-4350;BRSH-4392;SPCA-4388;BRCA-4391;NABR-4337;SPCA-4390;NABR-4390;SPCA-4391;CARW-4349;BRSH-4390;CLSH-4392;RWRP-4350;BRRP-4395;SPNA-4389;SPNA-4395;SPCA-4353;SPNA-4349;SPNA-4388;CLSH-4353;RPSP-4352;NABR-4349;SHCA-4395;RWCA-4392;NAIP-4389;BRSH-4394;RPSP-4390;CABR-4392;RWNA-4389;CAIP-4348;NASP-4349;SHCL-4395;SHCL-4353;R348-4282;IPRP-4350;CABR-4391;CASP-4349;SHCL-4387;RPSP-4394;CAIP-4395;IPNA-4348;IPCA-4399;IPCA-4390;NAIP-4394;SPRP-4352;SHCL-4399;RPBR-4395;CAIP-4349;IPRP-4389;IPRP-4391;CABR-4390;SPRP-4349;SPNA-4390;RPBR-4335;SHBR-4388;CASP-4395;SHCL-4392;RPBR-4399;SHBR-4353;R585-3039;SHBR-4350;SHCL-4350;BNRP-4394;RWCA-4391;SHBR-4387;CLSH-4390;NABR-4394;CARW-4348;BRRP-4352;RPBR-4387;RWRP-4349;RPBR-4353;BRRP-4353;IPNA-4352;BRCA-4350;BRCA-4335;SPRP-4399;BRCA-4395;BRRP-4388;CARW-4350;BNNA-4394;SPRP-4395;BRRP-4335;CAIP-4350;SPNA-4391;IPCA-4394;CABR-4349;RPIP-4391;NAIP-4349;SHBR-4399;CLSH-4350;BRSH-4337;CASP-4390;SHCL-4352;SHCL-4349;NAIP-4395;NABR-4392;RWNA-4348;BRCA-4349;RWCA-4349;SPRP-4392;R595-3039;NASP-4391;SPRP-4387;DBCA-4335;CLSH-4389;BRNA-4392;SHCL-4391;SPNA-4353;SPNA-4350;RPSP-4350;RPSP-4387;IPCA-4388;NABR-4335;CAIP-4399;IPCA-4389;SPRP-4350;BRSH-4389;BRCA-4394;SHCL-4389;SHBR-4392;R347-4156;IPRP-4349;IPRP-4392;BRCA-4392;SPRP-4348;BRCA-4348;CABR-4348;CASP-4353;NABR-4391;CABR-4350;BRSH-4395;CARW-4390;CLSH-4391;BRSH-4391;NAIP-4388;BNDB-4394;NABR-4348;CAIP-4352;RPIP-4349;BRNA-4391;RPIP-4399;IPCA-4353;NAIP-4353;SHCL-4394;BRCA-4389;RWRP-4391;RPSP-4395;BRCA-4353;BRRP-4387;R604-2410;RWNA-4349;SHBR-4394;RWRP-4399;RPBR-4391;BRCA-4337;NAIP-4352;IPCA-4349;IPNA-4390;RWNA-4390;BRCA-4387;BRSH-4335;RPSP-4353;IPNA-4387;BRNA-4390;BNSH-4394;IPCA-4387;RPBR-4389;RPSP-4389;RWCA-4390;RPSP-4391;RWRP-4389;SPRP-4391;CASP-4391;RWCA-4350;BRSH-4350;RWCA-4399;BRRP-4392;IPNA-4391;CARW-4389;R348-4156;SPCA-4395;SHCL-4348;BRRP-4399;SHBR-4348;SPNA-4348;CABR-4394;IPNA-4349;SHBR-4335;CASP-4389;SPRP-4353;NASP-4348;CLSH-4352;IPCA-4352;NABR-4350;BRRP-4348;SPCA-4399;BRNA-4349;CLSH-4395;CARW-4391;IPCA-4391;NAIP-4392;NAIP-4387;BRCA-4352;NABR-4389;BRNA-4389;RPSP-4349;NASP-4392;CLSH-4399;BRSH-4349;BRSH-4353;SPCA-4389;BRNA-4348;RPBR-4350;RPBR-4390;CADB-4337;NASP-4389;BRCA-4388;RWRP-4392;SHBR-4390;IPRP-4390;BRSH-4352;IPNA-4394;SHBR-4349;IPNA-4388;RPIP-4348;SHBR-4391;IPRP-4348;RWNA-4391;IPNA-4395;BRRP-4350;CASP-4348;RPBR-4388;RPIP-4350;RPBR-4348;CAIP-4389;RPIP-4392;BRSH-4388;RPBR-4337;BRNA-4350;CARW-4399;NAIP-4390;RPSP-4392;SHSH-4395;RPSP-4388;CAIP-4390;RPSP-4399;BRNA-4337;CAIP-4388;RWCA-4389;BNCA-4394;SHCL-4388;BRCA-4399;SHBR-4337;IPCA-4350;CAIP-4392;SPNA-4392;BRRP-4389;BRSH-4348;NASP-4350;CLSH-4388;RPBR-4394;RPSP-4348;NAIP-4348;RWRP-4348;CAIP-4391;SHBR-4389;CASP-4399;CASP-4350;SPRP-4389;CASP-4388;RPBR-4352;IPNA-4389;BRNA-4335;IPNA-4350;NASP-4390;BRRP-4391;RWNA-4350;RWRP-4390;CARW-4392;CABR-4335;RPIP-4389;SHCL-4390;BRRP-4349;NAIP-4350;R603-3039;SPCA-4349;SHBR-4352;CLSH-4394;BRRP-4390;SHBR-4395;NAIP-4391;IPRP-4399;CLSH-4349;IPCA-4392;RWNA-4392;SPCA-4348;SHRP-4395;SPCA-4392;CASP-4392;CABR-4389;IPCA-4395;RWCA-4348;BRRP-4337;RPIP-4390;CADB-4335;CABR-4337;RPSH-4395;IPNA-4353;CAIP-4353,BNCA,,"Track closure on Caboolture, Redcliffe Peninsula and Shorncliffe lines from 10:15pm on 7 September until last service.","Caboolture, Redcliffe Peninsula and Shorncliffe lines will close at 10:15pm on 7 September until the last train.",卡布尔图尔、雷德克利夫半岛和肖恩克利夫线路将于9月7日晚上10:15关闭，直到最后一班列车。,سيتم إغلاق خطوط كابولتور، وشبه جزيرة ريدكليف، وشورنكليف في الساعة 10:15 مساءً في 7 سبتمبر حتى آخر خدمة.,gtfs-rt,https://gtfsrt.api.translink.com.au/api/realtime/SEQ/Alerts
803221,2025-08-23T08:51:56+10:00,bus,600-4289;616-4289,600,322322,New late night stops for routes 600 and 616 on Friday and Saturday nights.,Routes 600 and 616 have new late night stops on Friday and Saturday nights at Maroochydore Road near Beach Road.,600和616路在周五和周六晚上有新的夜间停靠点，位于路靠近路。,توجد نقاط توقف جديدة لخطوط 600 و616 في ليالي الجمعة والسبت.,gtfs-rt,https://gtfsrt.api.translink.com.au/api/realtime/SEQ/Alerts
840086,2025-08-23T08:51:56+10:00,rail,IPCA-4348;BRNA-4391;BRCA-4390;CARW-4348;IPCA-4353;NABR-4394;NAIP-4353;BRCA-4389;RWNA-4391;BRCA-4353;IPNA-4395;R604-2410;RWNA-4349;CABR-4399;CASP-4348;IPNA-4352;IPNA-4392;DBCA-4337;CAIP-4394;CAIP-4387;BRCA-4350;BRCA-4335;BRCA-4337;NAIP-4352;IPCA-4349;IPNA-4390;RWNA-4390;SPCA-4350;CAIP-4389;BRCA-4387;SPCA-4388;BRCA-4395;BRCA-4391;NABR-4337;IPNA-4387;SPCA-4390;NABR-4390;BRNA-4390;CARW-4350;BNNA-4394;BRNA-4350;CARW-4349;SPCA-4391;IPCA-4387;CAIP-4350;SPNA-4391;CARW-4399;NAIP-4390;IPCA-4394;RWCA-4390;SPNA-4389;CAIP-4390;SPNA-4395;CABR-4349;NAIP-4349;BRNA-4337;SPCA-4353;CAIP-4388;RWCA-4389;CASP-4390;BNCA-4394;BRCA-4399;CASP-4391;NAIP-4395;RWCA-4350;NABR-4392;SPNA-4349;RWNA-4348;RWCA-4399;IPCA-4350;CAIP-4392;SPNA-4388;SPNA-4392;BRCA-4349;IPNA-4391;RWCA-4349;NASP-4350;CARW-4389;NABR-4349;NASP-4391;SHCA-4395;DBCA-4335;NAIP-4348;BRNA-4392;CAIP-4391;RWCA-4392;SPCA-4395;SPNA-4350;SPNA-4353;NAIP-4389;CASP-4399;CASP-4350;SPNA-4348;CABR-4394;CASP-4388;CABR-4392;RWNA-4389;IPCA-4388;CAIP-4348;IPNA-4389;IPNA-4349;NABR-4335;NASP-4349;BRNA-4335;CASP-4389;CAIP-4399;IPCA-4389;NASP-4348;IPCA-4352;NABR-4350;IPNA-4350;BRCA-4394;NASP-4390;SPCA-4399;BRNA-4349;CARW-4391;IPCA-4391;NAIP-4392;RWNA-4350;NAIP-4387;CABR-4391;CASP-4349;BRCA-4352;CAIP-4395;CARW-4392;IPNA-4348;CABR-4335;IPCA-4399;IPCA-4390;NABR-4389;NAIP-4394;BRNA-4389;BRCA-4392;BRCA-4348;NASP-4392;CAIP-4349;NAIP-4350;R603-3039;CABR-4348;SPCA-4349;CASP-4353;CABR-4390;NAIP-4391;NABR-4391;SPCA-4389;CABR-4350;IPCA-4392;RWNA-4392;BRNA-4348;CARW-4390;SPNA-4390;SPCA-4348;CASP-4395;SPCA-4392;CASP-4392;CABR-4389;CADB-4337;IPCA-4395;NAIP-4388;NASP-4389;R585-3039;RWCA-4348;CADB-4335;BRCA-4388;CABR-4337;IPNA-4353;CAIP-4353;NABR-4348;CAIP-4352;IPNA-4394;IPNA-4388;RWCA-4391,BNCA,,Lift out of service at Caboolture station for platforms 2 and 3. Assistance available via phone or SMS.,The lift to the footbridge at Caboolture station is not working. Call 13 16 17 or text 0428 774 636 for help.,车站2号和3号站台的电梯故障。需要帮助请拨打13 16 17或发送短信0428 774 636。,مصعد محطة كابولتشور في الرصيفين 2 و3 خارج الخدمة. للحصول على المساعدة اتصل بالرقم 13 16 17 أو أرسل رسالة نصية إلى 0428 774 636.,gtfs-rt,https://gtfsrt.api.translink.com.au/api/realtime/SEQ/Alerts
835976,2025-08-23T08:51:56+10:00,rail,CLBR-4349;BRBN-4350;CLDB-4349;VLBR-4394;VLDB-4391;CLSH-4390;BNVL-4335;CLSH-4387;BNVL-4394;SHCL-4394;BDVL-4394;BDVL-4399;DBBN-4392;BRBN-4395;BDVL-4390;CLSH-4348;R604-2410;FGBN-4353;BNBD-4387;BNFG-4387;DBCL-4349;BNBR-4395;BRVL-4389;FGBN-4348;CLBR-4388;VLBD-4399;VLBD-4394;VLBR-4350;BRBN-4387;DBCL-4399;BDVL-4353;VLBR-4392;BNBR-4388;BNFG-4389;VLBR-4348;BNFG-4395;DBBN-4350;CLBR-4391;BRCL-4349;BRCL-4394;VLBR-4349;VLBR-4352;BRBN-4352;BRBN-4394;BNNA-4394;BNSH-4394;R581-3039;VLBR-4389;BRVL-4399;CLSH-4392;FGBN-4388;BNBR-4387;VLBR-4391;BRBN-4389;VLBD-4353;BRCL-4352;CLBR-4392;BNFG-4390;BRBN-4392;VLBD-4349;VLBN-4337;CLCL-4389;BRCL-4399;VLBD-4389;VLVL-4388;CLSH-4350;BNVL-4337;BRVL-4394;SHCL-4352;BNCA-4394;SHCL-4388;BDBN-4387;FGBN-4350;BNVL-4387;SHCL-4349;CLBR-4350;CLBR-4348;BRCL-4353;CLBR-4352;VLBR-4390;VLBD-4390;BRBN-4353;BRVL-4348;CLDB-4391;BNFG-4399;CLSH-4353;CLBR-4390;BNBR-4390;DBBN-4391;BRVL-4350;BRBN-4391;DBBN-4390;CLSH-4388;BDVL-4391;BRVL-4353;VLBD-4348;VLBR-4353;VLBD-4395;VLDB-4399;BRBN-4349;BRCL-4389;BRBN-4390;BRCL-4392;BNBR-4399;R591-3039;CLBR-4399;R348-4156;BDBN-4388;VLBD-4391;CLDB-4390;CLDB-4389;CLSH-4389;SHCL-4391;BNBR-4394;SHCL-4348;BRVL-4391;FGBN-4392;VLBR-4399;BRBN-4399;BDVL-4352;BDVL-4395;BNFG-4349;BNFG-4388;BRVL-4392;VLBN-4388;CLBR-4394;CLBR-4395;FGBN-4387;CLBR-4389;FGBN-4389;BNBR-4352;CLDB-4348;DBCL-4389;BRCL-4390;BRBN-4388;SHCL-4395;BNFG-4392;BNBR-4350;CLSH-4352;SHCL-4353;DBBN-4349;R348-4282;SHCL-4389;VLBD-4350;CLSH-4395;BDVL-4389;BNBR-4391;CLCL-4390;BNFG-4348;BRVL-4352;DBBN-4348;FGBN-4399;BNFG-4394;CLDB-4350;BNVL-4388;SHCL-4387;BNFG-4391;BNBN-4388;DBBN-4389;FGBN-4352;CLDB-4394;VLDB-4394;BRVL-4395;CLCL-4337;SHCL-4390;BNBN-4387;BRCL-4350;R583-3039;BNBN-4394;BNBR-4392;VLDB-4350;BRCL-4348;CLDB-4392;DBCL-4391;BRCL-4387;CLSH-4399;BNBN-4337;BRBN-4348;CLBR-4353;SHCL-4399;CLDB-4399;FGBN-4391;BDVL-4349;DBCL-4348;BRVL-4390;FGBN-4395;CLBR-4387;VLDB-4390;BDVL-4350;CLSH-4394;FGBN-4349;VLBD-4352;BRCL-4388;VLDB-4392;BNBR-4349;CLSH-4349;VLBD-4392;VLBN-4387;BNFG-4353;VLBN-4335;CLSH-4391;BDVL-4348;VLVL-4387;BNFG-4352;DBCL-4350;SHCL-4392;BNBR-4348;VLDB-4389;BRVL-4349;DBBN-4399;BNBD-4388;DBCL-4392;FGBN-4390;R585-3039;VLDB-4348;FGBN-4394;BDVL-4392;BNDB-4394;VLDB-4349;BNBR-4389;BNFG-4350;DBCL-4390;SHCL-4350;CLCL-4335;BNBR-4353;BRCL-4391;BNBN-4335;VLBR-4395;BRCL-4395;DBBN-4394,BDVL,,"Track closure on Beenleigh, Cleveland and Gold Coast lines from 9:30pm on 1-2 September.","Tracks on Beenleigh, Cleveland and Gold Coast lines will be closed from 9:30pm on 1 and 2 September until the last service.",轨道将在9月1日和2日晚上9:30关闭，影响、和 线路。,سيتم إغلاق المسارات على خطوط  و و  من الساعة 9:30 مساءً في 1 و2 سبتمبر.,gtfs-rt,https://gtfsrt.api.translink.com.au/api/realtime/SEQ/Alerts
836151,2025-08-23T08:51:56+10:00,rail,CLBR-4349;CLDB-4349;VLBR-4394;IPCA-4348;SPIP-4337;R599-3039;FGBR-4348;BRCA-4390;CLSH-4387;BNVL-4394;BRBR-4349;SPRP-4388;BDVL-4394;FGBR-4353;CLSH-4348;BRIP-4395;BRSH-4399;R609-4398;FGBR-4390;CABR-4399;BRSH-4387;RWIP-4388;FGBR-4349;VLBD-4399;GYBR-4387;RPBR-4392;SPBR-4350;BRBN-4387;IPNA-4392;DBCL-4399;DBCA-4337;BRRP-4394;SPRP-4390;RPBR-4349;CAIP-4394;CAIP-4387;SPRP-4394;SPCA-4350;BRFG-4353;BRRW-4391;BNFG-4389;VLBR-4348;BRSH-4392;DBBN-4350;SPCA-4388;BRCA-4391;NABR-4337;BRCL-4394;FGBR-4399;BRBN-4352;BRBN-4394;NABR-4390;SPCA-4390;DBBR-4399;SPCA-4391;CARW-4349;R581-3039;BRSH-4390;BRVL-4399;CLSH-4392;RWRP-4350;BRRP-4395;BRGY-4394;VLBR-4391;SPNA-4389;SPNA-4395;BRBD-4390;BRBR-4391;GYBR-4349;CLCL-4389;IPRW-4395;RWBR-4399;SPCA-4353;GYBR-4395;BRDB-4399;BDBN-4387;IPBR-4388;BDBR-4337;BNVL-4387;CLBR-4348;BRCL-4353;SPNA-4349;SPNA-4388;CLSH-4353;SPBR-4399;RWBR-4391;RWIP-4392;RPSP-4352;BRFG-4389;NABR-4349;RWIP-4335;SHCA-4395;CLBR-4399;BDBN-4388;RWCA-4392;BNBR-4394;GYBR-4335;NAIP-4389;BRSH-4394;BDBR-4391;BNFG-4349;IPBR-4389;RPSP-4390;CABR-4392;BRRW-4350;BRSP-4388;IPRW-4335;RWBR-4392;BNBR-4352;BRRW-4390;IPRW-4390;RWNA-4389;CAIP-4348;NASP-4349;SHCL-4395;BRGY-4349;RWIP-4389;SHCL-4353;R348-4282;IPRP-4350;CABR-4391;CASP-4349;SHCL-4387;BNBN-4388;RPSP-4394;VLDB-4394;CAIP-4395;IPNA-4348;RWIP-4353;IPCA-4399;IPCA-4390;NAIP-4394;BRCL-4350;FGBR-4388;SPRP-4352;BRIP-4352;RPBR-4395;CAIP-4349;SHCL-4399;IPRP-4389;CLDB-4399;FGBR-4335;BDVL-4349;IPRP-4391;DBBR-4392;CLBR-4387;BDVL-4350;VLBD-4352;CABR-4390;SPRP-4349;VLBN-4335;SPNA-4390;RPBR-4335;SHBR-4388;RWBR-4348;IPRW-4350;CASP-4395;DBCL-4350;SHCL-4392;BRVL-4349;RPBR-4399;SHBR-4353;R585-3039;SHBR-4350;BRDB-4389;SHCL-4350;BNRP-4394;CLCL-4335;BNBR-4353;DBBR-4395;RWCA-4391;SHBR-4387;SPIP-4335;BRBN-4350;CLSH-4390;NABR-4394;CARW-4348;BNVL-4335;BRRP-4352;BRSP-4392;RPBR-4387;BRBN-4395;FGBN-4353;RWRP-4349;BNBD-4387;RPBR-4353;GYBR-4350;BRIP-4350;BNBR-4395;BRBR-4390;BRRP-4353;IPRW-4352;IPNA-4352;VLBD-4394;BRBD-4337;BDVL-4353;BRCA-4350;BRCA-4335;BNBR-4388;BRFG-4388;SPRP-4399;BRCA-4395;BRRP-4388;BDBR-4349;BRBR-4395;BRRW-4394;R592-3039;CARW-4350;BNNA-4394;SPRP-4395;CAIP-4350;BRRP-4335;BRDB-4349;SPNA-4391;IPCA-4394;BRBN-4389;GYBR-4337;BNFG-4390;VLBN-4337;CABR-4349;RPIP-4391;BRIP-4388;NAIP-4349;SHBR-4399;DBBR-4348;VLVL-4388;BRDB-4390;CLSH-4350;BRSH-4337;CASP-4390;SHCL-4352;BRVL-4394;FGBN-4350;SHCL-4349;NAIP-4395;BRGY-4388;NABR-4392;RWNA-4348;BRBN-4353;BRVL-4348;CLDB-4391;BDBR-4350;BNFG-4399;DBBN-4391;BRCA-4349;BRDB-4348;BRRW-4348;BRVL-4350;BRBN-4391;RWCA-4349;BRGY-4392;RWIP-4390;BRVL-4353;BRIP-4387;SPRP-4392;R595-3039;NASP-4391;IPRW-4392;BRBN-4390;SPRP-4387;R591-3039;BRIP-4394;BRGY-4387;DBCA-4335;RWIP-4348;CLSH-4389;BRNA-4392;BRBD-4353;BRGY-4390;SHCL-4391;SPNA-4350;SPNA-4353;RPSP-4350;RPSP-4387;BDVL-4352;BNFG-4388;CLBR-4389;IPCA-4388;NABR-4335;BRGY-4352;CAIP-4399;IPCA-4389;SPRP-4350;BDBR-4399;BRSH-4389;BRCA-4394;SHCL-4389;RWIP-4394;BDVL-4389;BNBR-4391;CLCL-4390;BNFG-4348;DBBN-4348;SHBR-4392;FGBR-4394;BNVL-4388;R347-4156;RWBR-4349;CLDB-4394;BRBD-4392;IPRP-4349;IPRP-4392;BRIP-4399;BRCA-4392;BNBN-4394;SPRP-4348;VLDB-4350;BRCL-4348;BRCA-4348;DBCL-4391;BNBN-4337;BRBN-4348;BRGY-4353;SPBR-4392;CABR-4348;BRDB-4392;BRFG-4335;FGBN-4349;CASP-4353;BRCL-4388;NABR-4391;CABR-4350;BRSH-4395;CARW-4390;FGBR-4352;CLSH-4391;BDVL-4348;BRSH-4391;BRDB-4394;FGBR-4337;IPSP-4335;NAIP-4388;IPBR-4391;BRGY-4395;FGBN-4394;GYBR-4391;BNDB-4394;BRDB-4353;IPRW-4349;IPIP-4335;DBCL-4390;BRGY-4348;NABR-4348;BRCL-4391;CAIP-4352;RPIP-4349;DBBR-4349;SPBR-4395;IPRW-4399;BRDB-4352;GYBR-4390;BRDB-4387;BRNA-4391;IPSP-4337;RPIP-4399;IPCA-4353;RWIP-4349;NAIP-4353;SHCL-4394;BRCA-4389;BDVL-4399;RWRP-4391;RPSP-4395;RWBR-4350;BRBD-4389;BRCA-4353;BDVL-4390;BRRP-4387;DBBR-4353;BDBR-4392;IPRW-4353;R604-2410;RWNA-4349;BRBD-4348;IPBR-4399;SHBR-4394;CLBR-4388;BRIP-4349;FGBR-4350;IPBR-4349;VLBR-4350;BRFG-4390;IPRW-4391;DBBR-4350;RWRP-4399;RPBR-4391;BRCA-4337;GYBR-4394;IPCA-4349;IPNA-4390;NAIP-4352;RWIP-4352;RWNA-4390;R594-3039;BNFG-4395;BRCA-4387;BRSH-4335;BRCL-4349;RPSP-4353;VLBR-4349;IPNA-4387;BRNA-4390;BNSH-4394;BRRW-4392;IPCA-4387;VLBR-4389;BRBD-4388;BRSP-4350;BRBD-4394;FGBN-4388;DBBR-4391;RPBR-4389;BNBR-4387;RPSP-4389;RWCA-4390;VLBD-4353;IPRW-4388;CLBR-4392;NASH-4395;VLBD-4349;RPSP-4391;SPBR-4349;BRFG-4391;RWRP-4389;BRFG-4350;SPRP-4391;IPBR-4392;RWIP-4350;CASP-4391;BRFG-4337;CLBR-4350;BRIP-4389;RWCA-4350;BRBD-4349;BRSH-4350;VLBR-4390;BRBD-4395;RWCA-4399;BRRP-4392;BRGY-4389;CLBR-4390;BNBR-4390;IPNA-4391;VLBD-4348;VLBR-4353;CARW-4389;VLBD-4395;BRCL-4392;R348-4156;CLDB-4390;SPCA-4395;BRBD-4391;BRSP-4348;SHCL-4348;BRVL-4391;FGBN-4392;BRRP-4399;SHBR-4348;BRGY-4335;SPNA-4348;VLBR-4399;BDVL-4395;CABR-4394;BRVL-4392;RWIP-4337;CLBR-4394;CLBR-4395;FGBN-4387;RWBR-4390;IPBR-4390;CLDB-4348;BRBD-4387;IPNA-4349;SHBR-4335;CASP-4389;BNFG-4392;BDBR-4335;SPBR-4348;SPRP-4353;FGBR-4395;BRSP-4353;NASP-4348;BNBR-4350;CLSH-4352;IPCA-4352;NABR-4350;BRRP-4348;SPCA-4399;BRFG-4352;BRDB-4391;BRNA-4349;VLBD-4350;CLSH-4395;CARW-4391;BRVL-4352;IPCA-4391;NAIP-4392;SPBR-4390;NAIP-4387;BNFG-4394;CLDB-4350;BNFG-4391;FGBN-4352;BRCA-4352;BRVL-4395;CLCL-4337;NABR-4389;BRSP-4391;BRNA-4389;IPBR-4353;BRFG-4387;GYBR-4348;NASP-4392;CLDB-4392;RPSP-4349;BRGY-4337;CLSH-4399;CLBR-4353;FGBN-4391;BRSP-4389;BRGY-4350;BRIP-4391;DBCL-4348;BRSH-4349;BRFG-4394;FGBN-4395;BRSH-4353;BRBR-4350;BNBR-4349;GYBR-4353;SPCA-4389;BRGY-4391;BNFG-4353;BRNA-4348;RPBR-4350;IPBR-4348;VLVL-4387;BRRW-4399;RPBR-4390;BRSP-4349;BNFG-4352;VLDB-4389;DBBN-4399;CADB-4337;NASP-4389;IPIP-4337;FGBR-4387;BNBR-4389;BRCA-4388;RWRP-4392;BRSP-4390;SHBR-4390;IPRP-4390;BRSH-4352;IPNA-4394;SHBR-4349;BNBN-4335;IPNA-4388;BRRW-4349;BRCL-4395;DBBN-4394;IPRW-4389;VLDB-4391;IPBR-4352;RWIP-4391;DBBR-4388;RPIP-4348;SHBR-4391;IPRP-4348;DBBN-4392;RWNA-4391;IPNA-4395;BNFG-4387;DBCL-4349;BRFG-4392;BRRP-4350;BRVL-4389;CASP-4348;FGBN-4348;GYBR-4392;RPBR-4388;RPIP-4350;VLBR-4392;RPBR-4348;BRDB-4350;CAIP-4389;CLBR-4391;NAGY-4399;DBBR-4352;RPIP-4392;VLBR-4352;BRSH-4388;RPBR-4337;BRNA-4350;SPBR-4389;BDBR-4390;CARW-4399;NAIP-4390;RPSP-4392;SHSH-4395;BRCL-4352;CAIP-4390;IPRW-4337;RPSP-4388;BRBN-4392;BRDB-4395;IPBR-4387;RPSP-4399;VLBD-4389;BRCL-4399;IPRW-4394;BRSP-4394;BRBD-4350;BRFG-4399;BRNA-4337;CAIP-4388;GYBR-4389;RWCA-4389;SPBR-4394;BNVL-4337;BNCA-4394;SHCL-4388;BRFG-4349;BRCA-4399;SHBR-4337;BDBR-4348;CLBR-4352;FGBR-4392;VLBD-4390;IPCA-4350;CAIP-4392;BRBD-4335;SPNA-4392;BRBR-4399;BRRP-4389;DBBN-4390;BRSH-4348;NASP-4350;CLSH-4388;BDVL-4391;IPBR-4394;VLDB-4399;BRBN-4349;SPCA-4392;DBBR-4390;BRCL-4389;BRSP-4395;DBBR-4387;RPBR-4394;RPSP-4348;BNBR-4399;NAIP-4348;VLBD-4391;CLDB-4389;RWRP-4348;CAIP-4391;SHBR-4389;R616-4398;CASP-4399;CASP-4350;BRDB-4388;NANA-4399;SPRP-4389;BRBN-4399;VLBN-4388;CASP-4388;RWBR-4389;FGBN-4389;RPBR-4352;IPBR-4350;DBCL-4389;BRCL-4390;IPNA-4389;BRNA-4335;BRBN-4388;RWIP-4399;IPNA-4350;DBBN-4349;NASP-4390;R395-2410;GYBR-4352;BRBR-4392;BRRP-4391;BRBD-4352;FGBN-4399;RWNA-4350;RWRP-4390;DBBN-4389;CARW-4392;CABR-4335;RPIP-4389;SHCL-4390;BNBN-4387;BRIP-4390;IPIP-4391;BRFG-4395;R583-3039;BNBR-4392;BRBR-4348;BRRP-4349;BRCL-4387;NAIP-4350;R603-3039;BRVL-4390;BDBR-4389;BRBD-4399;SPCA-4349;SHBR-4352;VLDB-4390;CLSH-4394;BRBR-4389;BRRP-4390;VLDB-4392;SHBR-4395;NAIP-4391;DBBR-4394;IPRP-4399;RWIP-4395;CLSH-4349;IPCA-4392;VLBD-4392;RWNA-4392;VLBN-4387;IPRW-4348;SPCA-4348;BRIP-4348;R597-3039;BRFG-4348;BRSP-4399;FGBR-4391;IPRW-4387;IPBR-4395;BNBR-4348;BRIP-4353;SHRP-4395;CASP-4392;BNBD-4388;CABR-4389;DBCL-4392;FGBN-4390;IPCA-4395;BRRW-4389;BRRP-4337;RWCA-4348;VLDB-4348;BDVL-4392;RPIP-4390;FGBR-4389;CADB-4335;VLDB-4349;CABR-4337;RPSH-4395;BNFG-4350;IPNA-4353;CAIP-4353;SPBR-4391;RWIP-4387;VLBR-4395;DBBR-4389;GYBR-4388;BRIP-4392,BDBR,,Track closure in inner-city lines on 8-9 September from 9:30pm until last service.,Inner-city lines will be closed from 9:30pm to last service on 8 and 9 September.,9月8日和9日晚上9:30到最后一班车，市内线路将关闭。,سيتم إغلاق خطوط المدينة الداخلية من الساعة 9:30 مساءً حتى آخر خدمة في 8 و9 سبتمبر.,gtfs-rt,https://gtfsrt.api.translink.com.au/api/realtime/SEQ/Alerts
831076,2025-08-23T08:51:56+10:00,bus,742-4203;767-4203;716-4203;763-4203;704-4203;719-4203;748-4203;747-4203;755-4203;705-4203;753-4203;759-4203;723-4203;729-4203;738-4203;720-4203;721-4203;743-4203;724-4203;731-4203;715-4203;727-4203;765-4203;749-4203;741-4203;751-4203;725-4203;710-4203;736-4203;722-4203;744-4203;737-4203;735-4203;718-4203;746-4203;739-4203;777-4203;756-4203;TX7-4203;711-4203;712-4203;750-4203;728-4203;757-4203;700-4203;760-4203;768-4203;740-4203;758-4203;726-4203;713-4203;754-4203;764-4203;752-4203;766-4203;714-4203;745-4203;717-4203,700,,"On 29 August, Gold Coast bus services will run to a Sunday timetable due to the public holiday. Normal services resume on 30 August.","On 29 August, Gold Coast buses will follow a Sunday schedule because of the public holiday. Regular service starts again on 30 August.",8月29日，由于公共假期，黄金海岸的公交服务将按照周日时间表运行。正常服务将于8月30日恢复。,في 29 أغسطس، ستعمل خدمات الحافلات في جولد كوست وفق جدول يوم الأحد بسبب عطلة عامة. ستستأنف الخدمات العادية في 30 أغسطس.,gtfs-rt,https://gtfsrt.api.translink.com.au/api/realtime/SEQ/Alerts
835996,2025-08-23T08:51:56+10:00,rail,IPRW-4389;IPCA-4348;IPSP-4337;SPIP-4337;IPBR-4352;R599-3039;RWIP-4391;RPIP-4399;IPCA-4353;CARW-4348;RPIP-4348;RWIP-4349;BRSP-4392;NAIP-4353;IPRP-4348;SPRP-4388;RWRP-4391;RPSP-4395;RWBR-4350;RWNA-4391;IPRW-4353;IPNA-4395;R604-2410;RWNA-4349;BRIP-4395;RWRP-4349;IPBR-4399;BRIP-4350;CASP-4348;IPRW-4352;BRIP-4349;IPNA-4352;RWIP-4388;SPBR-4350;IPBR-4349;IPNA-4392;SPRP-4390;IPRW-4391;CAIP-4394;RPIP-4350;CAIP-4387;RWRP-4399;SPRP-4394;SPCA-4350;BRRW-4391;NAIP-4352;IPCA-4349;IPNA-4390;RWIP-4352;RWNA-4390;R594-3039;CAIP-4389;SPRP-4399;SPCA-4388;RPSP-4353;RPIP-4392;IPNA-4387;BRRW-4394;R592-3039;SPCA-4390;CARW-4350;SPCA-4391;CARW-4349;SPBR-4389;SPRP-4395;BRRW-4392;IPCA-4387;BRSP-4350;CAIP-4350;RWRP-4350;CARW-4399;SPNA-4391;NAIP-4390;IPCA-4394;RPSP-4392;RPSP-4389;RWCA-4390;RPSP-4388;CAIP-4390;IPRW-4337;IPRW-4388;SPNA-4389;SPNA-4395;RPSP-4399;IPBR-4387;BRIP-4388;NAIP-4349;IPRW-4395;IPRW-4394;RPIP-4391;RPSP-4391;BRSP-4394;RWBR-4399;RWRP-4389;SPBR-4349;CAIP-4388;IPBR-4392;CASP-4390;RWCA-4389;SPBR-4394;SPCA-4353;RWIP-4350;SPRP-4391;IPBR-4388;CASP-4391;NAIP-4395;BRIP-4389;RWCA-4350;SPNA-4349;RWNA-4348;SPIP-4335;RWCA-4399;IPCA-4350;CAIP-4392;SPNA-4388;SPNA-4392;IPNA-4391;BRRW-4348;SPBR-4399;RWCA-4349;RWBR-4391;RWIP-4392;NASP-4350;RPSP-4352;RWIP-4390;BRIP-4387;IPBR-4394;CARW-4389;R595-3039;SPRP-4392;RWIP-4335;NASP-4391;IPRW-4392;BRSP-4395;SPRP-4387;RPSP-4348;BRIP-4394;NAIP-4348;RWIP-4348;RWRP-4348;SPCA-4395;BRSP-4348;CAIP-4391;RWCA-4392;SPNA-4350;SPNA-4353;NAIP-4389;CASP-4399;CASP-4350;RPSP-4350;SPNA-4348;SPRP-4389;RPSP-4387;IPBR-4389;RPSP-4390;CASP-4388;RWIP-4337;RWBR-4389;BRRW-4350;BRSP-4388;IPRW-4335;RWBR-4390;RWBR-4392;IPBR-4390;BRRW-4390;IPBR-4350;IPRW-4390;RWNA-4389;IPCA-4388;CAIP-4348;IPNA-4389;IPNA-4349;NASP-4349;CASP-4389;SPBR-4348;CAIP-4399;IPCA-4389;RWIP-4389;NASP-4348;BRSP-4353;SPRP-4350;RWIP-4399;IPCA-4352;SPRP-4353;IPNA-4350;NASP-4390;SPCA-4399;RWIP-4394;CARW-4391;IPCA-4391;IPRP-4350;NAIP-4392;RWNA-4350;NAIP-4387;SPBR-4390;CASP-4349;RWRP-4390;RWBR-4349;RPSP-4394;CAIP-4395;CARW-4392;IPNA-4348;RWIP-4353;IPCA-4399;IPRP-4349;RPIP-4389;IPCA-4390;BRIP-4390;BRSP-4391;IPIP-4391;IPRP-4392;NAIP-4394;BRIP-4399;SPRP-4348;IPBR-4353;RPSP-4349;NASP-4392;SPRP-4352;BRIP-4352;CAIP-4349;IPRP-4389;NAIP-4350;BRSP-4389;BRIP-4391;IPRP-4391;SPBR-4392;SPCA-4349;CASP-4353;NAIP-4391;SPCA-4389;IPRP-4399;RWIP-4395;IPCA-4392;SPRP-4349;RWNA-4392;CARW-4390;SPNA-4390;IPBR-4348;IPRW-4348;RWBR-4348;BRIP-4348;R597-3039;SPCA-4348;BRRW-4399;IPRW-4350;BRSP-4349;BRSP-4399;IPRW-4387;CASP-4395;IPBR-4395;BRIP-4353;IPSP-4335;SPCA-4392;CASP-4392;IPBR-4391;NAIP-4388;IPCA-4395;IPIP-4337;NASP-4389;BRRW-4389;R585-3039;RWCA-4348;IPRW-4349;RPIP-4390;IPIP-4335;RWRP-4392;BRSP-4390;IPNA-4353;CAIP-4353;IPRP-4390;SPBR-4391;CAIP-4352;RPIP-4349;IPNA-4394;RWIP-4387;SPBR-4395;IPRW-4399;IPNA-4388;BRRW-4349;RWCA-4391;BRIP-4392,BRIP,,Ipswich/Rosewood and Springfield lines closed from 9:30pm on 3 September until last service.,Ipswich/Rosewood and Springfield lines will be closed from 9:30pm on 3 September until the last train. Normal service resumes on 4 September.,伊普斯维奇/罗斯伍德和斯普林菲尔德线路将于9月3日晚上9:30关闭，直到最后一班列车。正常服务将于9月4日恢复。,ستغلق خطوط إبسويتش/روزوود وسبريجفيلد من الساعة 9:30 مساءً في 3 سبتمبر حتى آخر خدمة. ستستأنف الخدمة الطبيعية في 4 سبتمبر.,gtfs-rt,https://gtfsrt.api.translink.com.au/api/realtime/SEQ/Alerts
677996,2025-08-23T08:51:56+10:00,bus,,711,300462,"Bayview Street stop in Runaway Bay closed from 24 March to 28 August due to road works. Use alternative stops for routes 711, 719.",Bayview Street stop in Runaway Bay will be closed from 24 March to 28 August for road works. Use alternative stops for routes 711 and 719.,由于道路施工， 的 站将在3月24日至8月28日关闭。请使用711和719路线的替代站。,سيتم إغلاق محطة   في   من 24 مارس إلى 28 أغسطس بسبب أعمال الطرق. يرجى استخدام المحطات البديلة لخطوط 711 و719.,gtfs-rt,https://gtfsrt.api.translink.com.au/api/realtime/SEQ/Alerts
803326,2025-08-23T08:51:56+10:00,bus,,631,301849;302244;317608,"Temporary stop closures on Farrell Street and Railway Street, Yandina on 24 August from 6am to 7:30pm due to Yandina Fair.",Stops on Farrell Street and Railway Street in Yandina will be closed on 24 August from 6am to 7:30pm for the Yandina Fair.,由于扬迪纳博览会，扬迪纳的法雷尔街和铁路街的停靠站将在8月24日早上6点到晚上7:30关闭。,ستكون محطات التوقف في شارع فاريل وشارع السكك الحديدية في ياندينا مغلقة في 24 أغسطس من الساعة 6 صباحًا حتى 7:30 مساءً بسبب معرض ياندينا.,gtfs-rt,https://gtfsrt.api.translink.com.au/api/realtime/SEQ/Alerts
702336,2025-08-23T08:51:56+10:00,bus,,724,321393;321392,"Two stops on Foxwell Road, Coomera will be closed from 2 March until May due to roadworks for the Coomera Connector project.","From 2 March to May, two stops on Foxwell Road in Coomera are closed for roadworks. Use alternative stops for route 724 and school services.",从3月2日到5月，的 上的两个站因道路施工而关闭。请使用替代站。,من 2 مارس حتى مايو، سيتم إغلاق محطتين في طريق فوكسويل في كومييرا بسبب أعمال الطرق. يرجى استخدام المحطات البديلة.,gtfs-rt,https://gtfsrt.api.translink.com.au/api/realtime/SEQ/Alerts
845611,2025-08-23T08:51:56+10:00,bus,,620,301592,David Low Way stop at Mt Peregian closed until further notice. Use alternative stop at Coolum Peregian Sports Complex.,The bus stop on David Low Way at Mt Peregian is closed for safety. Use the stop at Coolum Peregian Sports Complex instead.,大卫洛韦在佩雷吉安山的公交站因安全原因关闭，使用酷伦佩雷吉安体育中心的替代站。,محطة ديفيد لو واي في جبل بيريجيان مغلقة لأسباب تتعلق بالسلامة. استخدم المحطة البديلة في مجمع الرياضات في كولوم.,gtfs-rt,https://gtfsrt.api.translink.com.au/api/realtime/SEQ/Alerts
840261,2025-08-23T08:51:56+10:00,,,,600834;600835;place_parstn,Lift B at Parkwood tram station car park is out of order. Call 1800 064 928 for assistance.,Lift B at Parkwood tram station car park is not working. Call 1800 064 928 for help.,公园木电车站停车场的电梯故障。如需帮助，请拨打1800 064 928。,المصعد  في محطة ترام بارك وود خارج الخدمة. اتصل بالرقم 1800 064 928 للمساعدة.,gtfs-rt,https://gtfsrt.api.translink.com.au/api/realtime/SEQ/Alerts
366546,2025-08-23T08:51:56+10:00,,,,301698,"Brisbane Road stop in Mooloolaba closed from 9 October due to bus travel issues. Use alternative stops for routes 600, 611, 615.","The bus stop on Brisbane Road at Mooloolaba Bowls Club is closed from 9 October. Use other stops for routes 600, 611, 615.",布里斯班路的公交站在穆鲁拉巴于10月9日起关闭。请使用600、611、615路的其他站点。,محطة الحافلات في طريق بريسبان في مولولابا مغلقة اعتبارًا من 9 أكتوبر. يرجى استخدام محطات بديلة للطرق 600 و611 و615.,gtfs-rt,https://gtfsrt.api.translink.com.au/api/realtime/SEQ/Alerts
803186,2025-08-23T08:51:56+10:00,bus,,685,312383,School Road stop closed from 7 July to 8 September due to construction. Use alternative stop for route 685.,The stop on School Road near Scotts Court will be closed from 7 July to 8 September. Use the alternative stop for route 685.,学校路的停靠站从7月7日到9月8日因施工关闭。请使用685路的替代停靠站。,سيتم إغلاق محطة مدرسة رود من 7 يوليو إلى 8 سبتمبر بسبب أعمال البناء. يرجى استخدام المحطة البديلة للخط 685.,gtfs-rt,https://gtfsrt.api.translink.com.au/api/realtime/SEQ/Alerts
590791,2025-08-23T08:51:56+10:00,bus,,172,2440,Stop 22 on Newdegate Street closed until 7 December. Use stop 23 for routes 172 and P173.,Stop 22 on Newdegate Street is closed until 7 December. Use stop 23 for routes 172 and P173.,新德盖特街22号站点将关闭至12月7日。172和173路请使用23号站点。,محطة 22 في شارع نيوديغيت مغلقة حتى 7 ديسمبر. استخدم المحطة 23 للطرق 172 و173.,gtfs-rt,https://gtfsrt.api.translink.com.au/api/realtime/SEQ/Alerts
847256,2025-08-23T08:51:56+10:00,bus,,200,202462,Main Avenue stop in Greenslopes closed until 2pm on 23 August due to construction. Use alternative stop on Old Cleveland Road.,The stop outside Easts Leagues Club in Greenslopes is closed until 2pm on 23 August. Use the stop on Old Cleveland Road instead.,格林斯洛普斯的主大道停靠点因施工关闭，直至8月23日下午2点。请改用老克利夫兰路的停靠点。,توقف محطة الشارع الرئيسي في غرينسلوبيس حتى الساعة 2 مساءً في 23 أغسطس بسبب أعمال البناء. استخدم المحطة البديلة في طريق كليفلاند القديم.,gtfs-rt,https://gtfsrt.api.translink.com.au/api/realtime/SEQ/Alerts
849881,2025-08-23T08:51:56+10:00,,,,10785;10784;10783;10782;10780;place_kgbs;10781,Lift out of service at King George Square station. Use help phone for assistance.,The lift to Ann Street Concourse at King George Square station is not working. Use the help phone on the platform if you need help.,国王乔治广场车站的电梯无法使用。如需帮助，请使用站台上的求助电话。,المصعد في محطة كينج جورج سكوير خارج الخدمة. استخدم هاتف المساعدة إذا كنت بحاجة إلى مساعدة.,gtfs-rt,https://gtfsrt.api.translink.com.au/api/realtime/SEQ/Alerts
846361,2025-08-23T08:51:56+10:00,bus,,653,310297,King Street stop in Caboolture closed from 20 August to late November due to construction. Use temporary stop near Wararba Crescent.,The bus stop on King Street at Maple Lane is closed from 20 August to late November. Use the temporary stop near Wararba Crescent.,由于施工，的 站从8月20日到11月底关闭。请使用 附近的临时站。,محطة   في  مغلقة من 20 أغسطس حتى أواخر نوفمبر بسبب أعمال البناء. استخدم المحطة المؤقتة بالقرب من  .,gtfs-rt,https://gtfsrt.api.translink.com.au/api/realtime/SEQ/Alerts
840551,2025-08-23T08:51:56+10:00,,,,310082;600226;317971;place_wdrsta;600227,"Lift out of service at Woodridge station, platforms 1 and 2. Assistance available via phone or SMS.",The lift at Woodridge station on platforms 1 and 2 is not working. Call 13 16 17 or text 0428 774 636 for help.,伍德里奇车站1号和2号站台的电梯故障。如需帮助，请拨打13 16 17或发送短信至0428 774 636。,مصعد خارج الخدمة في محطة وودريدج، المنصات 1 و2. للمساعدة، اتصل بالرقم 13 16 17 أو أرسل رسالة نصية إلى 0428 774 636.,gtfs-rt,https://gtfsrt.api.translink.com.au/api/realtime/SEQ/Alerts
437036,2025-08-23T08:51:56+10:00,,,,320860;600801;place_brsstn;320862;320863;320865;320864;320861,Broadbeach South station has tram network works starting 3 March 2024. No changes to tram times yet.,"From 3 March 2024, there will be works at Broadbeach South station for tram network connections. Tram times remain unchanged.",从2024年3月3日起， 站将进行有轨电车网络连接的工程。电车时间保持不变。,ابتداءً من 3 مارس 2024، ستبدأ أعمال في محطة   لربط شبكة الترام. أوقات الترام ستظل كما هي.,gtfs-rt,https://gtfsrt.api.translink.com.au/api/realtime/SEQ/Alerts
847456,2025-08-23T08:51:56+10:00,bus,,669,312473,Ellis Street stop in Lawnton closed from 1 September 2025 to May 2026 due to roadworks. Use alternative stop near Brett Street.,The bus stop on Ellis Street near Brown Street in Lawnton will be closed from 1 September 2025 until May 2026 for roadworks. Use the stop near Brett Street.,由于道路施工，的街停靠站将从2025年9月1日关闭至2026年5月。请使用靠近街的替代停靠站。,سيتم إغلاق محطة إليس ستريت في لوونتون من 1 سبتمبر 2025 حتى مايو 2026 بسبب أعمال الطرق. استخدم المحطة البديلة بالقرب من شارع بريت.,gtfs-rt,https://gtfsrt.api.translink.com.au/api/realtime/SEQ/Alerts
834826,2025-08-23T08:51:56+10:00,bus,,618,319128,Bellflower Road stop closed from 11 August to 30 September due to roadworks. Use alternative stop on Lakehead Drive.,The stop on Bellflower Road at Lakehead Drive will be closed from 11 August to 30 September for roadworks. Use the alternative stop on Lakehead Drive.,贝尔花路的停靠站从8月11日到9月30日因道路施工关闭。请使用湖头大道的替代停靠站。,سيتم إغلاق محطة بيل فلاور رود من 11 أغسطس إلى 30 سبتمبر بسبب أعمال الطرق. يرجى استخدام المحطة البديلة في طريق ليكهيد.,gtfs-rt,https://gtfsrt.api.translink.com.au/api/realtime/SEQ/Alerts
823231,2025-08-23T08:51:56+10:00,bus,,700,300225,"Musgrave Street bus stop reopens on 2 August. Use it for routes 700, 760, and 768 instead of the temporary stop.","The bus stop on Musgrave Street at Coyne Street will reopen on 2 August. Use it for routes 700, 760, and 768.",穆斯格雷夫街的公交车站将于8月2日重新开放。请使用该站乘坐700、760和768路。,ستعيد محطة الحافلات في شارع موسغريف فتح أبوابها في 2 أغسطس. استخدمها للطرق 700 و760 و768.,gtfs-rt,https://gtfsrt.api.translink.com.au/api/realtime/SEQ/Alerts
832011,2025-08-23T08:51:56+10:00,,,,313442,"Bus stop changes on Panorama Drive from 18 August. Routes 273, 274, 5177, and 5032 will not service the stop at Milner Place.","From 18 August, buses 273, 274, 5177, and 5032 will not stop at Milner Place on Panorama Drive. Use alternative stops.",从8月18日起，273、274、5177和5032路公交车将不在 的 停靠。请使用其他停靠站。,اعتبارًا من 18 أغسطس، لن تتوقف الحافلات 273 و274 و5177 و5032 عند   في  . يرجى استخدام محطات بديلة.,gtfs-rt,https://gtfsrt.api.translink.com.au/api/realtime/SEQ/Alerts
768011,2025-08-23T08:51:56+10:00,bus,,713,300929,Wilson Street stop closed from 1 June due to construction. Use alternative stop for route 713.,The stop on Wilson Street at Jimmieson Avenue is closed from 1 June because of construction. Use the alternative stop for route 713.,威尔逊街的停靠站从6月1日起因施工关闭。请使用713路的替代停靠站。,محطة ويلسون ستريت مغلقة اعتبارًا من 1 يونيو بسبب أعمال البناء. استخدم المحطة البديلة لخط 713.,gtfs-rt,https://gtfsrt.api.translink.com.au/api/realtime/SEQ/Alerts
352351,2025-08-23T08:51:56+10:00,,,,19062;19050;place_wogba,Woolloongabba station platform 2 access changes throughout 2025 due to construction. Use Stanley Street overpass for access.,"From 2025, platform 2 at Woolloongabba station will be closed. Use the Stanley Street overpass to access it.",2025年期间，车站2号站台的通行方式将发生变化。请使用街天桥进入。,ستتغير طريقة الوصول إلى الرصيف 2 في محطة وولونغابا طوال عام 2025. استخدم جسر ستانلي للوصول إليه.,gtfs-rt,https://gtfsrt.api.translink.com.au/api/realtime/SEQ/Alerts
792706,2025-08-23T08:51:56+10:00,,,,10784;10783;997;place_qsbs;1011;10781;1013;999;10782;1009;10785;996;10792;10793;1002;998;place_rompl;929;1004;1010;10794;919;10780;1008;1003;1001;place_kgbs,Major bus station closures from 22 to 25 August due to Brisbane Metro works. Use alternative stops.,"From midnight 22 August to 4:30am 25 August, King George Square, Queen Street, and Roma Street busway stations will be closed.",由于布里斯班地铁工程，从8月22日午夜到8月25日凌晨4:30，国王乔治广场、女王街和罗马街公交站将关闭。,بسبب أعمال مترو بريسبان، ستغلق محطات كينج جورج سكوير وكوين ستريت ورومه ستريت من منتصف ليلة 22 أغسطس حتى 25 أغسطس الساعة 4:30 صباحًا.,gtfs-rt,https://gtfsrt.api.translink.com.au/api/realtime/SEQ/Alerts
847301,2025-08-23T08:51:56+10:00,,,,4968;4973;4969;4975;4972;4970,Cavendish Road stops closed from 6am 23 August to 6pm 24 August due to rail works. Use alternative stops for routes 185 and Nightlink N184.,Cavendish Road stops will be closed from 6am on 23 August to 6pm on 24 August for rail works. Use alternative stops for routes 185 and Nightlink N184.,卡文迪什路的停靠站将于8月23日早上6点至8月24日下午6点关闭，因铁路施工。185路和夜班184路请使用替代停靠站。,ستكون محطات كافنديش رود مغلقة من الساعة 6 صباحًا في 23 أغسطس حتى الساعة 6 مساءً في 24 أغسطس بسبب أعمال السكك الحديدية. استخدم المحطات البديلة للطرق 185 و 184.,gtfs-rt,https://gtfsrt.api.translink.com.au/api/realtime/SEQ/Alerts
840681,2025-08-23T08:51:56+10:00,bus,,694,310411,Maine Road stop closed 8:45am to 2pm on 25 August for electrical works. Use Windsor Street stop for route 694.,Maine Road stop at Gardenia Street will be closed from 8:45am to 2pm on 25 August. Use Windsor Street stop for route 694.,梅恩路在花园街的停靠站将于8月25日上午8:45至下午2:00关闭。694路请使用温莎街的停靠站。,سيتم إغلاق محطة مين رود عند شارع جاردينيا من الساعة 8:45 صباحًا حتى 2:00 مساءً في 25 أغسطس. استخدم محطة شارع ويندسور لخط 694.,gtfs-rt,https://gtfsrt.api.translink.com.au/api/realtime/SEQ/Alerts
834946,2025-08-23T08:51:56+10:00,bus,,704,300272,"Gold Coast Highway stop closed from 25 August to 13 October due to roadworks. Use alternative stops for routes 704, 710, and school services.","The stop on Gold Coast Highway at Discovery Drive is closed from 25 August to 13 October. Use alternative stops for routes 704, 710, and school services.",黄金海岸高速公路在赫伦斯维尔的停靠站从8月25日到10月13日因道路施工关闭。请使用704、710和学校服务的替代停靠站。,محطة على طريق غولد كوست السريع في هيلنزفيل مغلقة من 25 أغسطس إلى 13 أكتوبر بسبب أعمال الطرق. استخدم المحطات البديلة للطرق 704 و710 وخدمات المدارس.,gtfs-rt,https://gtfsrt.api.translink.com.au/api/realtime/SEQ/Alerts
571776,2025-08-23T08:51:56+10:00,bus,,533,320508,Health Care Drive stop at Mater Private Hospital closed until mid-September due to construction. Use UniSQ stop for route 533.,The stop on Health Care Drive at Mater Private Hospital is closed until mid-September. Use the UniSQ stop for route 533.,健康护理大道在私人医院的停靠站因施工关闭至九月中旬。乘坐533路时请使用停靠站。,محطة    عند مستشفى  الخاص مغلقة حتى منتصف سبتمبر بسبب أعمال البناء. استخدم محطة  لخط 533.,gtfs-rt,https://gtfsrt.api.translink.com.au/api/realtime/SEQ/Alerts
849691,2025-08-23T08:51:56+10:00,,,,place_corsta;600316;600314;5355;600315;600317,"Lift out of service at Corinda station, platform 5. Assistance available via phone or SMS.","The lift at Corinda station, platform 5 is not working. Call 13 16 17 or text 0428 774 636 for help.",科林达车站5号站台的电梯故障。需要帮助请拨打13 16 17或发送短信0428 774 636。,مصعد محطة كوريندا، الرصيف 5 خارج الخدمة. للحصول على المساعدة اتصل بالرقم 13 16 17 أو أرسل رسالة نصية إلى 0428 774 636.,gtfs-rt,https://gtfsrt.api.translink.com.au/api/realtime/SEQ/Alerts
661066,2025-08-23T08:51:56+10:00,bus,,198,1152,Dudley Street stop 24 closed from 20 Jan to 26 Sep. Use stop 23 on Athens Street for route 198.,Stop 24 on Dudley Street is closed from 20 January to 26 September. Use stop 23 on Athens Street for route 198.,达德利街24号站从1月20日到9月26日关闭。乘坐198路时，请使用雅典街23号站。,محطة 24 في شارع دودلي مغلقة من 20 يناير إلى 26 سبتمبر. استخدم المحطة 23 في شارع أثينا لخط 198.,gtfs-rt,https://gtfsrt.api.translink.com.au/api/realtime/SEQ/Alerts
801056,2025-08-23T08:51:56+10:00,bus,,514,314967;312123,Blackall Street stops closed from 5pm 11 July to 27 September due to roadworks. Use alternative stop near Goodwin Street.,Stops on Blackall Street will be closed from 5pm on 11 July until 27 September. Use the stop near Goodwin Street instead.,由于道路施工，  的停靠站将从7月11日下午5点关闭至9月27日。请使用靠近 的替代停靠站。,سيتم إغلاق محطات   من الساعة 5 مساءً في 11 يوليو حتى 27 سبتمبر بسبب أعمال الطرق. يرجى استخدام المحطة البديلة بالقرب من شارع .,gtfs-rt,https://gtfsrt.api.translink.com.au/api/realtime/SEQ/Alerts
842031,2025-08-23T08:51:56+10:00,bus,,731,301381,Thomas Drive stop closed 6am-7pm on 24 August for It's on Chevron event. Use alternative stop near Burra Street.,The stop on Thomas Drive near Anembo Street will be closed from 6am to 7pm on 24 August. Use the stop near Burra Street instead.,托马斯大道的停靠站在8月24日早上6点到晚上7点因活动关闭。请使用靠近布拉街的替代停靠站。,سيتم إغلاق محطة توماس درايف من الساعة 6 صباحًا حتى 7 مساءً في 24 أغسطس بسبب حدث. استخدم المحطة البديلة بالقرب من شارع بورا.,gtfs-rt,https://gtfsrt.api.translink.com.au/api/realtime/SEQ/Alerts
835346,2025-08-23T08:51:56+10:00,bus,,600,301536,Nicklin Way stop at Main Drive closed 6:30am-2:30pm on 3 September for electrical works. Use Sunshine Coast Stadium stop instead.,The stop on Nicklin Way at Main Drive will be closed from 6:30am to 2:30pm on 3 September. Use the stop at Sunshine Coast Stadium.,尼克林路主干道的停靠站将在9月3日早上6:30至下午2:30关闭。请使用阳光海岸体育场的停靠站。,ستكون محطة نيكيلين واي عند الطريق الرئيسي مغلقة من الساعة 6:30 صباحًا حتى 2:30 مساءً في 3 سبتمبر. استخدم محطة ملعب الساحل الشمسي بدلاً من ذلك.,gtfs-rt,https://gtfsrt.api.translink.com.au/api/realtime/SEQ/Alerts
675286,2025-08-23T08:51:56+10:00,bus,,722,319203;319205,"Two stops on Finnegan Way, Coomera will be closed until mid-September due to roadworks.",Two bus stops on Finnegan Way in Coomera are closed until mid-September for roadworks. Use alternative stops for route 722 and school services.,由于道路施工，的 上的两个公交站将关闭至九月中旬。,سيتم إغلاق محطتين على طريق فينيجان في كومييرا حتى منتصف سبتمبر بسبب أعمال الطرق.,gtfs-rt,https://gtfsrt.api.translink.com.au/api/realtime/SEQ/Alerts
781916,2025-08-23T08:51:56+10:00,,,,10785;10784;10783;10782;10780;place_kgbs;10781,Lift out of service at King George Square station. Use alternative lift near carpark entrance for access.,The lift at King George Square station is not working. Use the lift by the carpark entrance to get to the concourse.,国王乔治广场车站的电梯无法使用。请使用停车场入口附近的电梯前往大厅。,المصعد في محطة كينج جورج سكوير خارج الخدمة. استخدم المصعد بالقرب من مدخل موقف السيارات للوصول إلى القاعة.,gtfs-rt,https://gtfsrt.api.translink.com.au/api/realtime/SEQ/Alerts
802226,2025-08-23T08:51:56+10:00,bus,,733,321856,Pelican Parade stop closed from 7 July to 31 August due to roadworks. Use alternative stop on Cormorant Crescent for route 733.,The stop on Pelican Parade at Woodswallow Street is closed from 7 July to 31 August. Use the stop on Cormorant Crescent for route 733.,由于道路施工， 的停靠站从7月7日到8月31日关闭。乘坐733路时，请使用 的替代停靠站。,سيتم إغلاق محطة   من 7 يوليو إلى 31 أغسطس بسبب أعمال الطرق. استخدم محطة   بدلاً من ذلك لخط 733.,gtfs-rt,https://gtfsrt.api.translink.com.au/api/realtime/SEQ/Alerts
847886,2025-08-23T08:51:56+10:00,,,,600286;600285;600284;place_aucsta;600283;320480;320323,"Lift out of service at Auchenflower station, platform 4. Assistance available via phone or SMS.","The lift at Auchenflower station, platform 4 is not working. Call 13 16 17 or text 0428 774 636 for help.",奥肯弗劳尔车站4号站台电梯故障。如需帮助，请拨打13 16 17或发送短信至0428 774 636。,مصعد محطة أوكنفلاور، الرصيف 4 خارج الخدمة. يرجى الاتصال بالرقم 13 16 17 أو إرسال رسالة نصية إلى 0428 774 636 إذا كنت بحاجة للمساعدة.,gtfs-rt,https://gtfsrt.api.translink.com.au/api/realtime/SEQ/Alerts
335236,2025-08-23T08:51:56+10:00,,,,300333;300337;300362;300180;300342;300343;321299;300358;300359;300365;300338;300363;300339;300368;300335,"Gold Coast Highway stop closures due to Light Rail works may affect routes 700, 765, 777 and school services.","Some stops on Gold Coast Highway are closed because of Light Rail work. Routes 700, 765, 777 and school services may be affected.",由于黄金海岸轻轨工程，黄金海岸高速公路上的一些站点将暂时关闭。700、765、777路和学校服务可能会受到影响。,بسبب أعمال السكك الحديدية الخفيفة على طريق جولد كوست السريع، سيتم إغلاق بعض المحطات مؤقتًا. قد تتأثر الخطوط 700 و765 و777 وخدمات المدارس.,gtfs-rt,https://gtfsrt.api.translink.com.au/api/realtime/SEQ/Alerts
842051,2025-08-23T08:51:56+10:00,bus,,690,312462,Klingner Road stop closed from 1 September to 10 October due to construction. Use temporary stop near Hodge Street.,The stop on Klingner Road at Ashmole Road is closed from 1 September to 10 October. Use the temporary stop near Hodge Street.,由于施工， 在 的停靠站从9月1日关闭至10月10日。请使用 附近的临时停靠站。,سيتم إغلاق محطة   عند   من 1 سبتمبر إلى 10 أكتوبر بسبب أعمال البناء. يرجى استخدام المحطة المؤقتة بالقرب من  .,gtfs-rt,https://gtfsrt.api.translink.com.au/api/realtime/SEQ/Alerts
